path,module,size,last_modified,ext
".editorconfig",".editorconfig",454,2026-07-30 20:00:14,"editorconfig"
".gitignore",".gitignore",1794,2026-08-03 08:25:13,"gitignore"
"2026-07-30-233452-local-command-caveatcaveat-the-messages-below.txt","2026-07-30-233452-local-command-caveatcaveat-the-messages-below.txt",18264,2026-07-30 23:34:57,"txt"
"ACCESSIBILITY_GUIDE.md","ACCESSIBILITY_GUIDE.md",3111,2026-07-31 18:15:27,"md"
"angle_b_findings.json","angle_b_findings.json",3817,2026-07-30 22:46:45,"json"
"API.md","API.md",51279,2026-07-30 20:00:14,"md"
"Architecture.md","Architecture.md",62551,2026-07-30 20:00:14,"md"
"ARCHITECTURE_DECISIONS.md","ARCHITECTURE_DECISIONS.md",6735,2026-07-31 20:45:20,"md"
"Audit.md","Audit.md",55459,2026-07-30 20:00:14,"md"
"build.gradle.kts","build.gradle.kts",544,2026-07-30 20:00:14,"kts"
"CHANGELOG.md","CHANGELOG.md",4479,2026-07-31 20:47:35,"md"
"COMPONENT_LIBRARY.md","COMPONENT_LIBRARY.md",3543,2026-07-31 18:15:27,"md"
"CONTRIBUTING.md","CONTRIBUTING.md",40643,2026-07-30 20:00:14,"md"
"DATABASE_SCHEMA.md","DATABASE_SCHEMA.md",4075,2026-07-31 20:54:50,"md"
"DEPLOYMENT_GUIDE.md","DEPLOYMENT_GUIDE.md",3114,2026-07-31 20:44:25,"md"
"DESIGN.md","DESIGN.md",17664,2026-08-02 15:36:12,"md"
"DESIGN_SYSTEM.md","DESIGN_SYSTEM.md",3983,2026-07-31 18:15:27,"md"
"DeveloperGuide.md","DeveloperGuide.md",35890,2026-07-30 20:00:14,"md"
"EngineeringPlan.md","EngineeringPlan.md",71674,2026-07-30 20:00:14,"md"
"EngineeringSpecification.md","EngineeringSpecification.md",46091,2026-07-30 20:00:14,"md"
"findings.json","findings.json",4714,2026-07-30 22:52:47,"json"
"google-services.json","google-services.json",678,2026-08-01 20:13:35,"json"
"gradle.properties","gradle.properties",1180,2026-08-02 01:57:38,"properties"
"gradlew","gradlew",8904,2026-07-30 20:00:15,""
"gradlew.bat","gradlew.bat",2848,2026-07-30 20:00:15,"bat"
"IMPLEMENTATION_LOG.md","IMPLEMENTATION_LOG.md",6505,2026-07-31 20:45:20,"md"
"KNOWN_ISSUES.md","KNOWN_ISSUES.md",18568,2026-08-03 07:28:30,"md"
"LAUNCH_CHECKLIST.md","LAUNCH_CHECKLIST.md",3199,2026-07-31 20:46:25,"md"
"LICENSE","LICENSE",1746,2026-07-31 20:43:08,""
"local.properties","local.properties",588,2026-08-01 20:40:48,"properties"
"OBSERVABILITY_GUIDE.md","OBSERVABILITY_GUIDE.md",2792,2026-07-31 20:43:54,"md"
"Operations.md","Operations.md",39201,2026-07-30 20:00:14,"md"
"OPERATIONS_GUIDE.md","OPERATIONS_GUIDE.md",3022,2026-07-31 20:44:25,"md"
"PHASE_11_ACKNOWLEDGEMENT.artifact.md","PHASE_11_ACKNOWLEDGEMENT.artifact.md",1718,2026-07-31 16:14:37,"md"
"PHASE_12_REPORT.artifact.md","PHASE_12_REPORT.artifact.md",5363,2026-07-31 18:23:31,"md"
"PHASE_2_REPORT.artifact.md","PHASE_2_REPORT.artifact.md",2156,2026-07-31 02:37:25,"md"
"PHASE_3_ACKNOWLEDGEMENT.artifact.md","PHASE_3_ACKNOWLEDGEMENT.artifact.md",2554,2026-07-31 10:08:11,"md"
"PHASE_5_ACKNOWLEDGEMENT.artifact.md","PHASE_5_ACKNOWLEDGEMENT.artifact.md",2128,2026-07-31 11:36:46,"md"
"PHASE_5_STATUS.artifact.md","PHASE_5_STATUS.artifact.md",1145,2026-07-31 11:49:31,"md"
"PHASE_7_ACKNOWLEDGEMENT.artifact.md","PHASE_7_ACKNOWLEDGEMENT.artifact.md",1658,2026-07-31 13:17:08,"md"
"PHASE_9_ACKNOWLEDGEMENT.artifact.md","PHASE_9_ACKNOWLEDGEMENT.artifact.md",1953,2026-07-31 14:40:21,"md"
"PHASE_TRACKER.md","PHASE_TRACKER.md",2133,2026-07-31 20:44:43,"md"
"PRODUCTION_READINESS_REPORT.md","PRODUCTION_READINESS_REPORT.md",4422,2026-07-31 20:46:25,"md"
"ProductSpecification.md","ProductSpecification.md",32122,2026-07-30 20:00:14,"md"
"PROJECT_COMPLETION_REPORT.md","PROJECT_COMPLETION_REPORT.md",6555,2026-07-31 20:47:53,"md"
"PROJECT_STATE.md","PROJECT_STATE.md",7099,2026-07-31 20:54:50,"md"
"ProviderSDK.md","ProviderSDK.md",47227,2026-07-30 20:00:14,"md"
"README.md","README.md",13850,2026-08-02 18:00:59,"md"
"RELEASE.md","RELEASE.md",36467,2026-07-30 20:00:14,"md"
"RELEASE_GUIDE.md","RELEASE_GUIDE.md",2622,2026-07-31 20:44:25,"md"
"REPOSITORY_DOCUMENTATION.md","REPOSITORY_DOCUMENTATION.md",16340,2026-08-02 06:28:17,"md"
"REPOSITORY_MAP.md","REPOSITORY_MAP.md",3153,2026-08-02 06:28:23,"md"
"ROADMAP.md","ROADMAP.md",3475,2026-07-31 20:43:08,"md"
"SECURITY_GUIDE.md","SECURITY_GUIDE.md",4631,2026-07-31 20:43:54,"md"
"settings.gradle.kts","settings.gradle.kts",1390,2026-07-31 15:42:59,"kts"
"TECHNICAL_DEBT_REPORT.md","TECHNICAL_DEBT_REPORT.md",3851,2026-07-31 20:54:50,"md"
"TESTING.md","TESTING.md",41488,2026-07-30 20:00:14,"md"
"TEST_PLAN.md","TEST_PLAN.md",3677,2026-07-31 20:43:54,"md"
"ui_extract.py","ui_extract.py",664,2026-07-31 22:24:38,"py"
"UI_GUIDELINES.md","UI_GUIDELINES.md",3793,2026-07-31 18:15:27,"md"
".audit\feature-inventory.md",".audit",85,2026-08-03 08:30:29,"md"
".audit\module-rollup.csv",".audit",685,2026-08-03 08:32:29,"csv"
".audit\working-vs-broken.csv",".audit",69,2026-08-03 08:30:29,"csv"
"app\.gitignore","app",6,2026-07-30 20:00:14,"gitignore"
"app\build.gradle.kts","app",7638,2026-08-01 20:48:21,"kts"
"app\google-services.json","app",1806,2026-08-02 13:51:58,"json"
"app\proguard-rules.pro","app",4376,2026-07-31 20:57:10,"pro"
"app\src\androidTest\java\com\bangersoul\aivance\ExampleInstrumentedTest.kt","app",694,2026-07-30 20:00:14,"kt"
"app\src\androidTest\java\com\bangersoul\aivance\integration\ProviderIntegrationTest.kt","app",8812,2026-08-01 20:48:39,"kt"
"app\src\main\AndroidManifest.xml","app",4920,2026-08-02 21:06:10,"xml"
"app\src\main\baseline-prof.txt","app",5049,2026-07-31 20:53:14,"txt"
"app\src\main\java\com\bangersoul\aivance\AivanceApp.kt","app",10428,2026-08-01 00:07:11,"kt"
"app\src\main\java\com\bangersoul\aivance\MainActivity.kt","app",4322,2026-08-02 15:47:04,"kt"
"app\src\main\java\com\bangersoul\aivance\ui\theme\Color.kt","app",296,2026-07-30 20:00:14,"kt"
"app\src\main\java\com\bangersoul\aivance\ui\theme\Theme.kt","app",1754,2026-07-30 20:00:14,"kt"
"app\src\main\java\com\bangersoul\aivance\ui\theme\Type.kt","app",1024,2026-07-30 20:00:14,"kt"
"app\src\main\java\com\bangersoul\aivance\worker\AnalyticsSnapshotWorker.kt","app",1290,2026-07-31 15:01:51,"kt"
"app\src\main\java\com\bangersoul\aivance\worker\AnalyticsUploadWorker.kt","app",2843,2026-07-31 15:19:18,"kt"
"app\src\main\java\com\bangersoul\aivance\worker\CacheCleanupWorker.kt","app",2464,2026-07-30 20:00:14,"kt"
"app\src\main\java\com\bangersoul\aivance\worker\ConnectivityMonitor.kt","app",5992,2026-07-31 00:25:22,"kt"
"app\src\main\java\com\bangersoul\aivance\worker\DatabaseCleanupWorker.kt","app",2271,2026-07-30 20:00:14,"kt"
"app\src\main\java\com\bangersoul\aivance\worker\DownloadManager.kt","app",7365,2026-08-02 17:55:06,"kt"
"app\src\main\java\com\bangersoul\aivance\worker\FollowUpWorker.kt","app",1823,2026-08-02 17:55:06,"kt"
"app\src\main\java\com\bangersoul\aivance\worker\HealthCheckWorker.kt","app",4186,2026-07-30 20:00:14,"kt"
"app\src\main\java\com\bangersoul\aivance\worker\JobSyncWorker.kt","app",1837,2026-07-31 11:11:47,"kt"
"app\src\main\java\com\bangersoul\aivance\worker\NotificationWorker.kt","app",6725,2026-08-02 17:55:19,"kt"
"app\src\main\java\com\bangersoul\aivance\worker\ProviderRefreshWorker.kt","app",3920,2026-07-30 20:00:14,"kt"
"app\src\main\java\com\bangersoul\aivance\worker\ResumeAnalysisWorker.kt","app",2555,2026-07-30 20:00:14,"kt"
"app\src\main\java\com\bangersoul\aivance\worker\SecurityMigrationWorker.kt","app",4020,2026-08-02 01:05:09,"kt"
"app\src\main\java\com\bangersoul\aivance\worker\SyncManager.kt","app",9221,2026-07-30 20:00:14,"kt"
"app\src\main\java\com\bangersoul\aivance\worker\SyncWorker.kt","app",2129,2026-07-30 20:00:14,"kt"
"app\src\main\java\com\bangersoul\aivance\worker\UploadManager.kt","app",10500,2026-08-02 17:55:06,"kt"
"app\src\main\keepRules\rules.keep","app",429,2026-07-30 20:00:14,"keep"
"app\src\main\res\drawable\ic_launcher_background.xml","app",340,2026-07-30 20:00:14,"xml"
"app\src\main\res\drawable\ic_launcher_foreground.xml","app",2066,2026-07-30 20:00:14,"xml"
"app\src\main\res\mipmap-anydpi\ic_launcher.xml","app",348,2026-07-30 20:00:14,"xml"
"app\src\main\res\mipmap-anydpi\ic_launcher_round.xml","app",348,2026-07-30 20:00:14,"xml"
"app\src\main\res\mipmap-hdpi\ic_launcher.webp","app",1404,2026-07-30 20:00:14,"webp"
"app\src\main\res\mipmap-hdpi\ic_launcher_round.webp","app",2898,2026-07-30 20:00:14,"webp"
"app\src\main\res\mipmap-mdpi\ic_launcher.webp","app",982,2026-07-30 20:00:14,"webp"
"app\src\main\res\mipmap-mdpi\ic_launcher_round.webp","app",1772,2026-07-30 20:00:14,"webp"
"app\src\main\res\mipmap-xhdpi\ic_launcher.webp","app",1900,2026-07-30 20:00:14,"webp"
"app\src\main\res\mipmap-xhdpi\ic_launcher_round.webp","app",3918,2026-07-30 20:00:14,"webp"
"app\src\main\res\mipmap-xxhdpi\ic_launcher.webp","app",2884,2026-07-30 20:00:14,"webp"
"app\src\main\res\mipmap-xxhdpi\ic_launcher_round.webp","app",5914,2026-07-30 20:00:14,"webp"
"app\src\main\res\mipmap-xxxhdpi\ic_launcher.webp","app",3844,2026-07-30 20:00:14,"webp"
"app\src\main\res\mipmap-xxxhdpi\ic_launcher_round.webp","app",7778,2026-07-30 20:00:14,"webp"
"app\src\main\res\raw\keep_rules.xml","app",2333,2026-07-30 20:00:14,"xml"
"app\src\main\res\values\colors.xml","app",153,2026-08-01 17:14:05,"xml"
"app\src\main\res\values\strings.xml","app",1376,2026-08-02 17:50:11,"xml"
"app\src\main\res\values\themes.xml","app",103,2026-07-30 20:00:14,"xml"
"app\src\main\res\values-hi\strings.xml","app",1807,2026-08-02 17:50:11,"xml"
"app\src\main\res\xml\backup_rules.xml","app",834,2026-07-31 20:54:50,"xml"
"app\src\main\res\xml\data_extraction_rules.xml","app",1405,2026-07-31 20:54:50,"xml"
"app\src\main\res\xml\file_paths.xml","app",97,2026-08-01 18:01:10,"xml"
"app\src\main\res\xml\network_security_config.xml","app",1878,2026-07-30 20:00:14,"xml"
"app\src\test\java\com\bangersoul\aivance\ExampleUnitTest.kt","app",362,2026-07-30 20:00:14,"kt"
"app\src\test\java\com\bangersoul\aivance\worker\SyncManagerBehavioralTest.kt","app",5782,2026-07-31 20:17:21,"kt"
"app\src\test\java\com\bangersoul\aivance\worker\WorkerTests.kt","app",14151,2026-08-01 17:18:02,"kt"
"build\reports\configuration-cache\10qewrkx8fidjs9fagb05nm02\er2l9f606m1vw8uq9atbq2sox\configuration-cache-report.html","build",401285,2026-08-02 15:37:42,"html"
"build\reports\configuration-cache\12djeyt0itey57s19awhc7crc\1yvli1wcvrj6s4mz4vd3l5219\configuration-cache-report.html","build",349114,2026-07-31 03:18:07,"html"
"build\reports\configuration-cache\12djeyt0itey57s19awhc7crc\ehmwtux6hrw5wmgy3m0sv1gcc\configuration-cache-report.html","build",133065,2026-07-31 03:15:19,"html"
"build\reports\configuration-cache\14yq4k3mfcr25wflrz9rc2adu\e32g6ndfzb00ke1s1bpy8lim3\configuration-cache-report.html","build",361291,2026-08-02 13:58:47,"html"
"build\reports\configuration-cache\16rlzvil03a86yffhr13jmrx1\6u87mnu96k1wodakuvg2mf5fy\configuration-cache-report.html","build",368971,2026-07-31 19:32:53,"html"
"build\reports\configuration-cache\1bstti9zpy5d7ides8kzt1f2g\74e9hfvxd59cs01rhhh8kc04p\configuration-cache-report.html","build",356852,2026-07-31 18:33:11,"html"
"build\reports\configuration-cache\1fujfwodd1vrbedw8ex4kp240\aks5sdd8htjgr7kfg3a685ztj\configuration-cache-report.html","build",413247,2026-08-01 09:26:28,"html"
"build\reports\configuration-cache\1nhp4oubyd91s23bse65g3d14\e4q7wgrzq1yom46w3jlv80iru\configuration-cache-report.html","build",373564,2026-07-31 19:44:26,"html"
"build\reports\configuration-cache\1ontbf9ewopo5ezplb2uyivhw\4zckb1tvn1d5q3k1sghkru71l\configuration-cache-report.html","build",409981,2026-08-01 17:11:47,"html"
"build\reports\configuration-cache\1s1ladiia1zkhx29d5x2xijin\9qattusx9tqvi7xcm6otq3icp\configuration-cache-report.html","build",365994,2026-08-02 14:33:55,"html"
"build\reports\configuration-cache\1s1ladiia1zkhx29d5x2xijin\qfy7nvxtqr40v54njtdt22o4\configuration-cache-report.html","build",368356,2026-07-31 18:05:53,"html"
"build\reports\configuration-cache\1scjv5m6jd2pvi3q3ugllw78g\4yvkncu5fbkgk3185akkt4c9d\configuration-cache-report.html","build",410169,2026-08-01 20:50:12,"html"
"build\reports\configuration-cache\1v4cf21t0zqskiij9vub9wd0l\7ein79arppdk2q32bwhyyyayw\configuration-cache-report.html","build",368588,2026-08-01 17:31:47,"html"
"build\reports\configuration-cache\1wn83w6dx51wzgtr13l5794ch\1wllux3i2b2l0bk71mroiwtn2\configuration-cache-report.html","build",409675,2026-08-01 16:40:07,"html"
"build\reports\configuration-cache\21a9o7unjp9iz4c3m5iyfsdfp\dsj39qh0e5u0aeipsx8yhzl8y\configuration-cache-report.html","build",409597,2026-08-02 14:05:24,"html"
"build\reports\configuration-cache\23s3mn8q2m2qv8z215wdhdeps\bmqqzli51rw3z4x5mfjgdyi7d\configuration-cache-report.html","build",413089,2026-08-02 15:30:46,"html"
"build\reports\configuration-cache\24mozjz3l7dppt94rsv3f8184\bakmovkmhphnljswvzdg1vzte\configuration-cache-report.html","build",373393,2026-08-01 19:49:04,"html"
"build\reports\configuration-cache\2b1a40z4p4q3iy4ekucl2abw1\99wcctiaiik0sxvj4hz2bnewp\configuration-cache-report.html","build",369273,2026-07-31 17:48:11,"html"
"build\reports\configuration-cache\2bom65xs49cny99gygfqvsgqo\9laqypc2zrpnlj7n327rsnoby\configuration-cache-report.html","build",371203,2026-07-31 23:41:52,"html"
"build\reports\configuration-cache\2gdon8nfabiwjtv7mzctcunjz\bbebkkirz52kwx7shkwxofm8r\configuration-cache-report.html","build",356802,2026-07-31 20:00:38,"html"
"build\reports\configuration-cache\2joahu7dkjnvw84cylr800c30\7yzmm1ggv9iy74m9505e03fjy\configuration-cache-report.html","build",373452,2026-08-01 18:42:48,"html"
"build\reports\configuration-cache\2lal1c19n4fcnp1dn71pu1ypj\28g3r8vp2z2wrf6zly0y5ynu5\configuration-cache-report.html","build",356892,2026-07-31 18:25:22,"html"
"build\reports\configuration-cache\2ma2vdutdu5hli406tbbgy344\9f71qc6ngn1hf8s0mst0ije\configuration-cache-report.html","build",410091,2026-07-31 18:24:55,"html"
"build\reports\configuration-cache\2ma2vdutdu5hli406tbbgy344\a11f8zwc337m8ax3yly8yu7os\configuration-cache-report.html","build",410020,2026-08-01 17:08:29,"html"
"build\reports\configuration-cache\2ma2vdutdu5hli406tbbgy344\vbljueyrsvz8m8zynm1ozqj6\configuration-cache-report.html","build",410013,2026-07-31 18:17:21,"html"
"build\reports\configuration-cache\2zell45tv3y5nyl3gdkpjxu6r\19vwv7d25vfidv25ipstbq1ap\configuration-cache-report.html","build",373596,2026-08-01 13:35:04,"html"
"build\reports\configuration-cache\32t14twbyi7ru6ls4fw1bqo3h\f35rnapymb78o6e4zgq1ye884\configuration-cache-report.html","build",397524,2026-08-01 18:44:42,"html"
"build\reports\configuration-cache\36go3at7fu4tcz1w0aavu3rci\9i0d1j9mjwv1pi95ezspq39r5\configuration-cache-report.html","build",338601,2026-08-02 17:52:00,"html"
"build\reports\configuration-cache\36reniaxv8xejjpyx0fr24hip\8gjs5pqljfgakpa5vodgj4p00\configuration-cache-report.html","build",344225,2026-07-31 10:28:34,"html"
"build\reports\configuration-cache\3dludcsceoq7zuykgsjorohfi\3g5z9uhgbdf80ml9kaqhh4fj1\configuration-cache-report.html","build",361247,2026-07-31 17:54:15,"html"
"build\reports\configuration-cache\3eunxhev1fvrjerfxtschox7u\1e75caefrfdgmp7hfqbwsp3pg\configuration-cache-report.html","build",373028,2026-08-01 18:32:13,"html"
"build\reports\configuration-cache\3i5aia62vvzt1hprj8pygmhgv\7xeoa5iicl2ydzwszmf5lm8vl\configuration-cache-report.html","build",397600,2026-07-31 17:45:41,"html"
"build\reports\configuration-cache\3kid0bjzs4w58f7mmylf1a3hk\3qpblvwop84h4vwuzly95t046\configuration-cache-report.html","build",409734,2026-08-02 21:34:05,"html"
"build\reports\configuration-cache\3kid0bjzs4w58f7mmylf1a3hk\etsbbco79bu6oqac9w69y4mkf\configuration-cache-report.html","build",409733,2026-07-31 20:13:56,"html"
"build\reports\configuration-cache\3kid0bjzs4w58f7mmylf1a3hk\eupny7xb1id7ragzmvock68ju\configuration-cache-report.html","build",409764,2026-08-01 17:16:54,"html"
"build\reports\configuration-cache\3mlab83knptj4y5t5h11rrvhf\d2uh6mb645iucy93gle6uzgxd\configuration-cache-report.html","build",413007,2026-07-31 23:25:21,"html"
"build\reports\configuration-cache\3n2ibvxttz7c0vlhc3y9hraae\2sds5o2k3s6tzez3q9x8btsjz\configuration-cache-report.html","build",410067,2026-07-31 19:44:12,"html"
"build\reports\configuration-cache\3oce5m4dg2xeqjllcp2jqwopb\bzp7zl7yhgu8wot12s4uadre7\configuration-cache-report.html","build",403265,2026-08-02 14:50:08,"html"
"build\reports\configuration-cache\3ot2kjopxxv4ceizp9oogwua4\cxycwanclmmre1k6v53gtx0pw\configuration-cache-report.html","build",338603,2026-08-02 17:51:09,"html"
"build\reports\configuration-cache\3otcbm6jqs3bhxruw1ir24cqp\1k2lhy1g50ejmhsscknnwxojs\configuration-cache-report.html","build",365973,2026-07-31 17:57:17,"html"
"build\reports\configuration-cache\3pscpalhwoho7bifikpxnpz2f\11f9b4rtx2yqu1lh32gcj9ty6\configuration-cache-report.html","build",409521,2026-07-31 19:25:54,"html"
"build\reports\configuration-cache\3pscpalhwoho7bifikpxnpz2f\4fr2e3vhzmkn9m4j26jivj7zs\configuration-cache-report.html","build",409536,2026-08-01 19:42:41,"html"
"build\reports\configuration-cache\3pscpalhwoho7bifikpxnpz2f\dza5eks9jx2yy53bsigxfe206\configuration-cache-report.html","build",412797,2026-08-02 01:07:04,"html"
"build\reports\configuration-cache\3rrr3mf4g7yedbg5bby4h1ghp\77atoa58tfeetlthr1m85r173\configuration-cache-report.html","build",399790,2026-08-01 13:22:27,"html"
"build\reports\configuration-cache\3rrr3mf4g7yedbg5bby4h1ghp\7r3bazr1tslix1su0ndklwk8y\configuration-cache-report.html","build",400015,2026-08-01 13:17:44,"html"
"build\reports\configuration-cache\3t28ftvldd6zgv2p953l9l5jw\11thbogsvndhgrolb4z0hyvpw\configuration-cache-report.html","build",318145,2026-07-30 20:10:13,"html"
"build\reports\configuration-cache\3t28ftvldd6zgv2p953l9l5jw\4xmdxb45jw6dhscfbjsy9u6xq\configuration-cache-report.html","build",338908,2026-08-02 01:43:43,"html"
"build\reports\configuration-cache\3t28ftvldd6zgv2p953l9l5jw\9zdj78m9iuehbcyw1xdogidlb\configuration-cache-report.html","build",318278,2026-07-30 20:05:39,"html"
"build\reports\configuration-cache\3ztnaiz268ib3fbgnongq3egq\4y1fhyc79d533kr5qglhu8mo2\configuration-cache-report.html","build",338661,2026-07-31 20:56:49,"html"
"build\reports\configuration-cache\414a2rfvirvp9vk7tp8hxlzgk\gnj662hmtzpe20py0tbmxkcc\configuration-cache-report.html","build",410644,2026-07-31 16:52:56,"html"
"build\reports\configuration-cache\4b7rawi7cyotnlmmqol2wzf0e\3563qyk9722864j4n1k6ia84l\configuration-cache-report.html","build",370815,2026-08-01 18:06:45,"html"
"build\reports\configuration-cache\4b7rawi7cyotnlmmqol2wzf0e\bfj1d695pqwfjjou37l89hhg1\configuration-cache-report.html","build",370799,2026-08-01 20:55:40,"html"
"build\reports\configuration-cache\4dmjh6dzz24a7amy0c0zydrca\795pus5sn4g2i6hkmgipjgecn\configuration-cache-report.html","build",399655,2026-08-01 18:28:19,"html"
"build\reports\configuration-cache\4dsop3ib0gstu4lhb67lsq39c\562lv73pvs95cldhomtlnbvjl\configuration-cache-report.html","build",410247,2026-08-01 07:46:17,"html"
"build\reports\configuration-cache\4og94rwabbsoutf4muwaqq2pd\5sryukhe3bz9f28punh3ld5er\configuration-cache-report.html","build",397461,2026-08-01 19:19:24,"html"
"build\reports\configuration-cache\4og94rwabbsoutf4muwaqq2pd\6wu06u03wjnzzkqsp550jnv1\configuration-cache-report.html","build",397375,2026-08-02 17:30:28,"html"
"build\reports\configuration-cache\4og94rwabbsoutf4muwaqq2pd\e27e9ykuwubgxbrz4p1qz669c\configuration-cache-report.html","build",398037,2026-07-31 16:41:40,"html"
"build\reports\configuration-cache\4oqns66wzfyqyoheg8v7tzb70\7xasdm1439sh4aoydfqjcdkvh\configuration-cache-report.html","build",409685,2026-08-02 17:50:59,"html"
"build\reports\configuration-cache\4p4bd7eaes5ljp13bxrvemrfn\7wdtrkagbthxduryi7lcnvx18\configuration-cache-report.html","build",373809,2026-07-31 19:22:14,"html"
"build\reports\configuration-cache\4p4bd7eaes5ljp13bxrvemrfn\pr54ovgz1l6t57bkt95anlwn\configuration-cache-report.html","build",373894,2026-07-31 19:07:49,"html"
"build\reports\configuration-cache\4twv9tnn4n32k625vqqr189uq\d26eur0zkxkiu6g5yunobey3b\configuration-cache-report.html","build",371148,2026-07-31 22:41:03,"html"
"build\reports\configuration-cache\4twv9tnn4n32k625vqqr189uq\eik4q2xnkwmu702vtqip2l2at\configuration-cache-report.html","build",371147,2026-07-31 18:55:37,"html"
"build\reports\configuration-cache\4zhqbo69674ex7aqsp8073ngv\6bv1ee5d0k5cua4sgctvx05x\configuration-cache-report.html","build",409833,2026-08-01 17:17:48,"html"
"build\reports\configuration-cache\50v2aopro3d8rnxchxsselbh0\49icbtw4at03g9qd7b0myddll\configuration-cache-report.html","build",403153,2026-08-02 15:00:39,"html"
"build\reports\configuration-cache\51ej9nn2envfeslgp2ohabqmb\daer9p8gs2ba0zvt408d0zrtj\configuration-cache-report.html","build",340112,2026-07-30 20:03:40,"html"
"build\reports\configuration-cache\51ej9nn2envfeslgp2ohabqmb\eqvlcgq7lam6sg0m5mtjvmrai\configuration-cache-report.html","build",398287,2026-07-30 20:20:31,"html"
"build\reports\configuration-cache\52c90gqbt5ouf4rw5w2at3ezl\94vc28hw1fa6z1c33s3hnymvd\configuration-cache-report.html","build",375830,2026-08-01 19:39:13,"html"
"build\reports\configuration-cache\52clrqf44rb2worxv7cuaiqi3\69a0p1ovfzibl94dxki5bw3it\configuration-cache-report.html","build",376492,2026-08-02 15:34:56,"html"
"build\reports\configuration-cache\531nryny4ac6rqzyogizlnp2y\6phxeqd0poe2zhvlcu6f7bt1s\configuration-cache-report.html","build",397594,2026-08-01 18:50:29,"html"
"build\reports\configuration-cache\53kxs3xgk0fu1l6leu4ourtgs\7c51sm4qf0esb9p717et9e7z\configuration-cache-report.html","build",397592,2026-08-01 16:35:18,"html"
"build\reports\configuration-cache\5796ceq81j5ruxoaj7peypimz\4un4nljlr0ypge12w6ltslhrw\configuration-cache-report.html","build",361831,2026-08-02 14:07:06,"html"
"build\reports\configuration-cache\581zyef13ks3j2f0wur10tapd\31abuqnaiborp07hlugfamgoh\configuration-cache-report.html","build",410097,2026-08-01 14:33:01,"html"
"build\reports\configuration-cache\59svzklwteze5196qu7ccje07\cqirl4bkbmnamynfsoj3penkb\configuration-cache-report.html","build",409659,2026-08-02 13:27:15,"html"
"build\reports\configuration-cache\5dfzrbr12dbi6tggutj2ovm2m\14six4h6mfbxh7aasgrl99z28\configuration-cache-report.html","build",371271,2026-07-31 19:12:34,"html"
"build\reports\configuration-cache\5dk2q942aw55yop6ira5zpoc7\4xug7q4vt1dsmz46s7uun08uw\configuration-cache-report.html","build",397454,2026-07-31 21:27:39,"html"
"build\reports\configuration-cache\5dk2q942aw55yop6ira5zpoc7\570jwei4jf156fr15l5gkte5s\configuration-cache-report.html","build",397441,2026-08-01 16:46:01,"html"
"build\reports\configuration-cache\5f854jq3zq224lt0oi4swtvje\6pf6b0o7qv1fpkjgdtk1i0zjz\configuration-cache-report.html","build",375952,2026-07-31 20:27:33,"html"
"build\reports\configuration-cache\5joijorwz54oyhx2k00yuz5ac\c67hn64qrviqy11bx45y1rjdl\configuration-cache-report.html","build",371283,2026-08-01 14:23:39,"html"
"build\reports\configuration-cache\5lm904qb861uo75srmw2wlb58\efzhgmnv1fh0oo5lkfyuoa1sl\configuration-cache-report.html","build",397448,2026-08-01 18:17:02,"html"
"build\reports\configuration-cache\5mu69vtic2ifs1h0yyhb3vi9t\day5s89vdmebmu4t8d4codn4b\configuration-cache-report.html","build",373463,2026-08-01 19:37:44,"html"
"build\reports\configuration-cache\5n2dfe0u6xv9wfo5hcdfyoe4c\bl2olvi6vr7snzqf5ddb1aq2e\configuration-cache-report.html","build",410013,2026-07-31 20:46:47,"html"
"build\reports\configuration-cache\5r9io3b3hlzzok7jhp3jm7nc2\1d3yzll94c715pssdljxjq7ik\configuration-cache-report.html","build",413299,2026-08-01 20:46:28,"html"
"build\reports\configuration-cache\5txz5cfyhgdbruvtamxeucyut\5e7nob5059w9tjocp19cc2hry\configuration-cache-report.html","build",410151,2026-08-02 14:02:28,"html"
"build\reports\configuration-cache\5utnvgb30chddvcie7kx5l6gi\29dicio64ykegojjn9hdt710n\configuration-cache-report.html","build",410678,2026-08-01 10:51:33,"html"
"build\reports\configuration-cache\5utnvgb30chddvcie7kx5l6gi\3pzo4lrnihbcnzqo4owkhz7wo\configuration-cache-report.html","build",410007,2026-07-31 21:07:54,"html"
"build\reports\configuration-cache\5utnvgb30chddvcie7kx5l6gi\82xyibjo6m2qdhnovclta090l\configuration-cache-report.html","build",380318,2026-07-30 23:47:46,"html"
"build\reports\configuration-cache\5utnvgb30chddvcie7kx5l6gi\8gnbnpr0n8nipmxqwlx5thows\configuration-cache-report.html","build",380354,2026-07-30 23:50:59,"html"
"build\reports\configuration-cache\5utnvgb30chddvcie7kx5l6gi\9uztsutar6uiai7ufheenmq50\configuration-cache-report.html","build",410637,2026-07-31 16:59:17,"html"
"build\reports\configuration-cache\5utnvgb30chddvcie7kx5l6gi\d4eb9fe2546q271zz5w6zf14t\configuration-cache-report.html","build",410731,2026-08-01 08:46:52,"html"
"build\reports\configuration-cache\5utnvgb30chddvcie7kx5l6gi\d53rlp31l3yhefs6a329qma9t\configuration-cache-report.html","build",413987,2026-08-02 06:46:37,"html"
"build\reports\configuration-cache\5utnvgb30chddvcie7kx5l6gi\lxh81tijksvaqzf1yje64bf9\configuration-cache-report.html","build",410078,2026-07-31 19:26:50,"html"
"build\reports\configuration-cache\5wvpil8ay423qi3sepxxa8hqk\124knwiupqp57reoegv5mdggx\configuration-cache-report.html","build",380308,2026-07-31 11:13:33,"html"
"build\reports\configuration-cache\5wvpil8ay423qi3sepxxa8hqk\1pjj9k1ajjbqj7nbnsydkyrux\configuration-cache-report.html","build",380308,2026-07-31 01:32:03,"html"
"build\reports\configuration-cache\5wvpil8ay423qi3sepxxa8hqk\2xnr365umv3mlpagnmgi5rfzz\configuration-cache-report.html","build",380340,2026-07-31 03:20:26,"html"
"build\reports\configuration-cache\5wvpil8ay423qi3sepxxa8hqk\5k4w57ji5evw9nku1we0qj30s\configuration-cache-report.html","build",395625,2026-07-31 12:24:27,"html"
"build\reports\configuration-cache\5wvpil8ay423qi3sepxxa8hqk\6qn2n54cwsw989i94sd3x91if\configuration-cache-report.html","build",380340,2026-07-31 02:22:55,"html"
"build\reports\configuration-cache\5wvpil8ay423qi3sepxxa8hqk\79rm1su5gupr7mlcvdnw4d07o\configuration-cache-report.html","build",380338,2026-07-31 03:07:55,"html"
"build\reports\configuration-cache\5wvpil8ay423qi3sepxxa8hqk\7mawte3iqau4xuc2iq4vgpbku\configuration-cache-report.html","build",410655,2026-07-31 15:54:02,"html"
"build\reports\configuration-cache\5wvpil8ay423qi3sepxxa8hqk\ab9b1d8vb7a9yro73cjuqe9cl\configuration-cache-report.html","build",410710,2026-07-31 16:55:58,"html"
"build\reports\configuration-cache\5wvpil8ay423qi3sepxxa8hqk\awzax55uw814yd95w48ou257k\configuration-cache-report.html","build",410668,2026-07-31 16:46:51,"html"
"build\reports\configuration-cache\5wvpil8ay423qi3sepxxa8hqk\bb3l9zb5lcudhbmj37msfkcbu\configuration-cache-report.html","build",410664,2026-07-31 16:00:11,"html"
"build\reports\configuration-cache\5wvpil8ay423qi3sepxxa8hqk\c8qm1cjva3rhbqpkaunytyanl\configuration-cache-report.html","build",403140,2026-07-31 15:09:10,"html"
"build\reports\configuration-cache\620nc40gyifjbdsuh8sourphk\5dly4kc5qee2esfk1uvuocbzl\configuration-cache-report.html","build",368695,2026-07-31 18:39:24,"html"
"build\reports\configuration-cache\65oqlqr1xdak738vn1th85zxu\66ys16mzh2t1k0q05rx9jb8k9\configuration-cache-report.html","build",356839,2026-07-31 18:28:47,"html"
"build\reports\configuration-cache\660gaanlqy3al7gial8z0y2fn\crqh21iwuzpasncwx72z2n9wj\configuration-cache-report.html","build",397594,2026-08-01 16:39:04,"html"
"build\reports\configuration-cache\6aifne6jrmhn30e0tpyvzlmc0\93ljg02jje4ciavwlzezlebkw\configuration-cache-report.html","build",375447,2026-08-02 18:03:16,"html"
"build\reports\configuration-cache\6ajmcxmce85f4enrcaypu1918\cribaf0icjowgzyrpygxvwvm4\configuration-cache-report.html","build",405657,2026-08-02 14:51:56,"html"
"build\reports\configuration-cache\6c2k475msuxkftxnjycpkwhgm\4m2j71v0kyp53us65x0wuk1w5\configuration-cache-report.html","build",361611,2026-08-02 14:52:12,"html"
"build\reports\configuration-cache\6edd60elh31wa00bs2mjno2cr\75ztgccb921n792mmctz7a4lb\configuration-cache-report.html","build",397520,2026-08-01 19:04:23,"html"
"build\reports\configuration-cache\6ej7sq996rhmvhkggrk8zcydg\24ik968zjc6o0am48014tr70l\configuration-cache-report.html","build",368395,2026-08-01 13:19:52,"html"
"build\reports\configuration-cache\6ej7sq996rhmvhkggrk8zcydg\2vshyme6ds8lreyxlf24arjnu\configuration-cache-report.html","build",368394,2026-07-31 18:09:06,"html"
"build\reports\configuration-cache\6ej7sq996rhmvhkggrk8zcydg\97w07bjk0y9xwmfqvn5kl8wbf\configuration-cache-report.html","build",368410,2026-08-01 18:17:56,"html"
"build\reports\configuration-cache\6f2wgv3idjvsdrckitm9u04pm\ap7g6g70agcwyvx2uyhhk1fpw\configuration-cache-report.html","build",376006,2026-07-31 20:21:11,"html"
"build\reports\configuration-cache\6fzsk1pxt5i5ts8arkpctcj1d\3e3pxvi8r60lcqvufzk4qxt2\configuration-cache-report.html","build",354416,2026-07-31 18:26:42,"html"
"build\reports\configuration-cache\6ituhwb32zri1uddlse5fx8o8\emj4ugt82px9cgt2mvdlota1h\configuration-cache-report.html","build",373824,2026-07-31 19:28:11,"html"
"build\reports\configuration-cache\6l06d6ck0u0llw78abkeza2u8\2wogt7t7q1t3ib14eh66nwhou\configuration-cache-report.html","build",368819,2026-07-31 19:29:42,"html"
"build\reports\configuration-cache\6q3sjc45uagellgxjsg8oe25l\z049e8oxvgjhc5pkd6hsttby\configuration-cache-report.html","build",375758,2026-08-02 15:03:23,"html"
"build\reports\configuration-cache\6usmnykgv5fpcto7ndxhhypr1\a3w26wpa84h94lg2hq6jsnu5s\configuration-cache-report.html","build",356834,2026-07-31 18:31:10,"html"
"build\reports\configuration-cache\6wqze4haqd5x66ob9d00jhbji\dk0gc55cak8j6y407aqgklpe5\configuration-cache-report.html","build",410039,2026-07-31 20:00:04,"html"
"build\reports\configuration-cache\6xqzbvbdx8ym8iqvxe7qrfxyq\7dbjvfkz164a1lw2a0lzm2ibi\configuration-cache-report.html","build",351149,2026-08-02 15:31:28,"html"
"build\reports\configuration-cache\6xqzbvbdx8ym8iqvxe7qrfxyq\as741cx7tpkf9qznv820qswkn\configuration-cache-report.html","build",351193,2026-07-31 17:34:25,"html"
"build\reports\configuration-cache\713vjgut207hx9mjkm2j7z0rs\3oso3ajlcrk50svisaduzg91g\configuration-cache-report.html","build",409789,2026-08-02 17:56:50,"html"
"build\reports\configuration-cache\713vjgut207hx9mjkm2j7z0rs\73to5bd55soo7qynch2umdgqt\configuration-cache-report.html","build",409744,2026-07-31 20:20:53,"html"
"build\reports\configuration-cache\713vjgut207hx9mjkm2j7z0rs\8rk1kc2ds4w32kekp3on5qygj\configuration-cache-report.html","build",409729,2026-08-02 01:38:06,"html"
"build\reports\configuration-cache\713vjgut207hx9mjkm2j7z0rs\bc0bg8eq0h4acz3qip4pb2kvq\configuration-cache-report.html","build",413071,2026-08-02 20:15:24,"html"
"build\reports\configuration-cache\713vjgut207hx9mjkm2j7z0rs\bgr6rinmv22xrqtqf7c34iq6s\configuration-cache-report.html","build",413035,2026-08-01 19:27:24,"html"
"build\reports\configuration-cache\713vjgut207hx9mjkm2j7z0rs\bnagznusvayrx81obv3hhpy1s\configuration-cache-report.html","build",409723,2026-07-31 19:42:06,"html"
"build\reports\configuration-cache\713vjgut207hx9mjkm2j7z0rs\d2vzuwn4pk5ntzpedhhww5f96\configuration-cache-report.html","build",409739,2026-08-02 17:00:36,"html"
"build\reports\configuration-cache\713vjgut207hx9mjkm2j7z0rs\hldenk846r1xo54s2luzgn7r\configuration-cache-report.html","build",409729,2026-08-01 21:04:43,"html"
"build\reports\configuration-cache\77t2s5kpgcwg7rbng5b5yesbh\8ppgobqjhzdidi6p9idhefzm6\configuration-cache-report.html","build",397532,2026-08-01 16:58:14,"html"
"build\reports\configuration-cache\78ek82ut36bo8sexbb8f1lyv\6cpc8vgb5fo2hy62kvykpupvl\configuration-cache-report.html","build",365925,2026-08-01 18:12:03,"html"
"build\reports\configuration-cache\79r3y6a3kge9pfk252pgk34wr\dt9wqk3cbv4tp771opmcfhbuk\configuration-cache-report.html","build",397632,2026-08-02 21:09:50,"html"
"build\reports\configuration-cache\7db90uq4ba4ojcedql6xfklxn\epft9jtijm5uwd52qrxfkaqvj\configuration-cache-report.html","build",409751,2026-08-01 16:44:16,"html"
"build\reports\configuration-cache\7dgbef0zximct3o5hfet49gd8\c939fxunx3euwxrnj7sjz39zf\configuration-cache-report.html","build",409763,2026-07-31 20:52:03,"html"
"build\reports\configuration-cache\7g5o4jpa2pbbzxby5u264a5yo\7e0vby911b8j9dpzit6f2jd5e\configuration-cache-report.html","build",374046,2026-08-01 13:23:10,"html"
"build\reports\configuration-cache\7g5o4jpa2pbbzxby5u264a5yo\9gk96547y487ht77tuul1q9zv\configuration-cache-report.html","build",363995,2026-07-31 15:15:13,"html"
"build\reports\configuration-cache\7g5o4jpa2pbbzxby5u264a5yo\b7296lrmp316q41qulvw32ry\configuration-cache-report.html","build",370841,2026-07-31 18:02:10,"html"
"build\reports\configuration-cache\7g5o4jpa2pbbzxby5u264a5yo\e1wxgu1qo0mxw6m69yrxc38wn\configuration-cache-report.html","build",370783,2026-08-01 18:51:03,"html"
"build\reports\configuration-cache\7hgdorc6bq8u9wnw7sicw6gpu\gbfs8tvdszb4bkf2tw41ecit\configuration-cache-report.html","build",368591,2026-08-01 19:43:54,"html"
"build\reports\configuration-cache\7j467qfegvpxsbd1cqp0hk0uw\2goezguvxehyxtowyl3pofqe8\configuration-cache-report.html","build",371225,2026-07-31 22:47:40,"html"
"build\reports\configuration-cache\7r33ab1jl81vdhw1iv3x7zj7j\5spbwhuuqpde3zghojkmp9vwn\configuration-cache-report.html","build",382939,2026-07-30 20:55:27,"html"
"build\reports\configuration-cache\7r5vn0zojip6wpugt8ezg8b5j\f3bxo3c7qk24ll7tc4qh3i7rq\configuration-cache-report.html","build",374331,2026-07-31 21:33:31,"html"
"build\reports\configuration-cache\7ry7jg04soeo60eqk1yazhfxp\72ruzs76pzxayrkqa8q2s5e2i\configuration-cache-report.html","build",368463,2026-08-01 13:19:43,"html"
"build\reports\configuration-cache\7t59jnd1745o3peezb6c6k1dg\6zroh8i1wdocpq1hwfmf44y7a\configuration-cache-report.html","build",375662,2026-08-01 00:31:23,"html"
"build\reports\configuration-cache\80d6tgh4ri9l63li7sfej4sz9\33hudfc89f795yo9eq0ez6fsd\configuration-cache-report.html","build",397520,2026-08-01 18:05:43,"html"
"build\reports\configuration-cache\83yc6ujpshdscbloabt0xgmu5\d3n6i46cy65pvbwqikqqjx0wm\configuration-cache-report.html","build",409735,2026-08-02 21:15:53,"html"
"build\reports\configuration-cache\84zvbjagp7t9d33zvfe4un9b0\1gk7bs06g43ch8c18ia7a1v3i\configuration-cache-report.html","build",356821,2026-07-31 18:30:08,"html"
"build\reports\configuration-cache\87tj079x0or41kb8suh2ivvhn\8qj1vgnqvpa10l91gtdls9ahk\configuration-cache-report.html","build",368831,2026-07-31 19:34:15,"html"
"build\reports\configuration-cache\8atyekmtgzf4pc1yki7151ppd\cbchzzq7btl988nzdf668c64h\configuration-cache-report.html","build",397458,2026-07-31 17:50:55,"html"
"build\reports\configuration-cache\8eqwi6n8gryvhe0z0wgxtg86r\e0leme9qi07q1pkgm2eq2gs7v\configuration-cache-report.html","build",410033,2026-08-01 17:21:48,"html"
"build\reports\configuration-cache\8eqwi6n8gryvhe0z0wgxtg86r\efg0rsnwslgbxjcv06469qd9l\configuration-cache-report.html","build",410015,2026-08-02 13:33:00,"html"
"build\reports\configuration-cache\8eqwi6n8gryvhe0z0wgxtg86r\ejdxe7e3tn57wigdqht1j24xv\configuration-cache-report.html","build",410025,2026-08-02 17:10:54,"html"
"build\reports\configuration-cache\8kw2pj3d1h59gqkaioso4cli3\3moritu1rccjq49m2swz7pwzw\configuration-cache-report.html","build",410145,2026-08-01 15:17:27,"html"
"build\reports\configuration-cache\8r8fdbtx028kpbvz8755ytju0\2uhb7yxa1894yfoq8kop4gyrw\configuration-cache-report.html","build",410013,2026-08-02 18:05:35,"html"
"build\reports\configuration-cache\8sd2170j4fmbopqoa0wfkel1q\4kk94v2afdve0qosdmvs0ashv\configuration-cache-report.html","build",356548,2026-08-01 20:54:35,"html"
"build\reports\configuration-cache\8wrc9mxa1yj6nlhufkdcy6t25\e1b0f9ewco3xk35x404e5f3zv\configuration-cache-report.html","build",375543,2026-08-01 08:00:12,"html"
"build\reports\configuration-cache\8xpg666hq1ivl9gyrydu9il7g\9ujhuceqjxez1ycrhtvmoinr3\configuration-cache-report.html","build",373174,2026-07-31 18:12:48,"html"
"build\reports\configuration-cache\8y6ejzpmsfd1ftb1m47k7utrc\9to6v3p95k4yaj5bcsg9ywsl1\configuration-cache-report.html","build",373404,2026-08-02 14:54:11,"html"
"build\reports\configuration-cache\90or0vb04mbxlxu3mq9jqdllc\4oq438v4kmnthaqnkr2eq324s\configuration-cache-report.html","build",400035,2026-08-02 17:07:16,"html"
"build\reports\configuration-cache\90zmf0p33no685byizdj7nagc\80nzac2lqflxog7hphbkn6sd5\configuration-cache-report.html","build",361589,2026-08-02 14:00:41,"html"
"build\reports\configuration-cache\9329qfp7khx0v94zeip1nd3wx\9ds7t6kf7rmxhal7543eiri33\configuration-cache-report.html","build",409837,2026-08-01 00:08:49,"html"
"build\reports\configuration-cache\93tngnu567iakv44amvp2rfjb\36dxmxh7oefvaavm0ihx5r4fi\configuration-cache-report.html","build",374265,2026-08-01 23:02:40,"html"
"build\reports\configuration-cache\9aw7sks3kim7z13qv8ke4mgqk\caiay16hb9uzr4wwyy4av64ul\configuration-cache-report.html","build",368839,2026-07-31 19:30:47,"html"
"build\reports\configuration-cache\9cy49kso4d9ji6pg1eaxor0t2\3k8hfux0apbvaslbr0otvqcy3\configuration-cache-report.html","build",408357,2026-08-02 14:50:26,"html"
"build\reports\configuration-cache\9dqrvjgsqodhxb74idb6qfod3\bdfmq1s17u0wrttbrmo321p22\configuration-cache-report.html","build",397863,2026-08-02 15:30:20,"html"
"build\reports\configuration-cache\9ez1ixdu3udyd0emfkowx3n73\5hig8kx6lt8rckinbxy96d96f\configuration-cache-report.html","build",352067,2026-07-31 18:23:18,"html"
"build\reports\configuration-cache\9g2obyaekrjq8dtbwvrxxtptw\1a4c2gslr0mcfpdjm76pt8u1h\configuration-cache-report.html","build",402418,2026-08-02 14:32:21,"html"
"build\reports\configuration-cache\9hto6472g4ezknmow2fc84gkr\9qu90oxlisgbudtvcw3ga1i3u\configuration-cache-report.html","build",409407,2026-08-02 15:00:14,"html"
"build\reports\configuration-cache\9hzmtw9620xfuy57lp8spo3se\2hghkkdc8i2deyqa0ypdpehsl\configuration-cache-report.html","build",409795,2026-08-01 20:54:14,"html"
"build\reports\configuration-cache\9jfexrgqzueqkwdtoh5jxeq8p\cgotdfgx8uyu1vv80ik6c936b\configuration-cache-report.html","build",413315,2026-07-31 23:23:05,"html"
"build\reports\configuration-cache\9jwzedzb0r982q3hc1x6f4ubv\doqy81quw230vqqlkdpiugjg2\configuration-cache-report.html","build",376100,2026-08-01 19:31:00,"html"
"build\reports\configuration-cache\9lwttj6hgvvvoxphs90yezstl\16a9jtmcigr60tw7yo09paqd0\configuration-cache-report.html","build",371263,2026-07-31 19:05:35,"html"
"build\reports\configuration-cache\9m2pg28x51iohhk4lfalatvnq\98kf4tj38hznko7c4jvber4bi\configuration-cache-report.html","build",397458,2026-07-31 17:53:36,"html"
"build\reports\configuration-cache\9mfbt5se9aykscf4bxz8thg25\cyl5ienn6olvy32yec999o4x0\configuration-cache-report.html","build",366239,2026-07-31 19:43:49,"html"
"build\reports\configuration-cache\9ztxy4wfyg1yxzc0fxcoqmffc\3jq1710xn84kr9rrozwmm2fxm\configuration-cache-report.html","build",409941,2026-08-01 20:55:25,"html"
"build\reports\configuration-cache\a1ocmo55jk6fiaf5ra4d5rdat\53ju5sflumdr06vxmjcpsx7vg\configuration-cache-report.html","build",361247,2026-07-31 18:14:05,"html"
"build\reports\configuration-cache\a7ik4fgmetp2e8prnouj4x9zn\9t3qj1d47mxbecfo096xgqh4o\configuration-cache-report.html","build",366265,2026-08-01 18:36:13,"html"
"build\reports\configuration-cache\acotjkvkh9n3uh6hpl0pmplkm\4jpe8klwbry08c1fjdur4382u\configuration-cache-report.html","build",397644,2026-08-02 20:14:44,"html"
"build\reports\configuration-cache\ahjx4jcsah9oujzxm99jm4u1m\62hy5i07ttri94aopczguoxja\configuration-cache-report.html","build",373320,2026-08-01 18:34:53,"html"
"build\reports\configuration-cache\ai9pbe8kl6t5nj8tqwtnl75wv\plxex4wvd5pbnnwkzifqt7qf\configuration-cache-report.html","build",368885,2026-07-31 19:31:01,"html"
"build\reports\configuration-cache\amwhjgyen11njb7mcexg3s177\3zzpj0wphcgpy0drp2cq697u3\configuration-cache-report.html","build",357777,2026-07-31 18:19:07,"html"
"build\reports\configuration-cache\at5q0s3pk64697yhbuyb8hnva\9tr82yu2g3p6b1dxb697d61fn\configuration-cache-report.html","build",354465,2026-07-31 18:21:39,"html"
"build\reports\configuration-cache\auaj5yvu1x5i6haejwxv2scza\34m5rzyoe73yk4phh8apl6a3b\configuration-cache-report.html","build",370924,2026-07-31 22:38:06,"html"
"build\reports\configuration-cache\aurqe05ui7visunl40hwrkrb5\28z1weoylfmz8f3ww9mm2pcx9\configuration-cache-report.html","build",399769,2026-08-02 14:33:41,"html"
"build\reports\configuration-cache\axkax9edser660gm6zxe0h4la\3hwlmc5gfph3miitlfjfznkzo\configuration-cache-report.html","build",400730,2026-08-01 07:21:40,"html"
"build\reports\configuration-cache\b3jzn2ng1a4ex7ylgeg7oxb4q\717qykbdqnb6n4ss4a6y4hqj\configuration-cache-report.html","build",361545,2026-08-01 17:03:33,"html"
"build\reports\configuration-cache\b9shmzj5vum5tnt22aa8hbjkz\5avqcqnq3mnmzgtz4pyvztjz6\configuration-cache-report.html","build",397452,2026-08-01 19:18:58,"html"
"build\reports\configuration-cache\baote1jz4btd8f1hon9pm6dr1\5psmn577y8s84rcd30w11nrwr\configuration-cache-report.html","build",361247,2026-07-31 17:52:38,"html"
"build\reports\configuration-cache\baote1jz4btd8f1hon9pm6dr1\aor3vv37jin9omnvkut3luiqx\configuration-cache-report.html","build",361248,2026-08-01 13:22:42,"html"
"build\reports\configuration-cache\baote1jz4btd8f1hon9pm6dr1\e295hjnf1p1eqhjd9sygwh5kj\configuration-cache-report.html","build",361233,2026-08-02 17:53:21,"html"
"build\reports\configuration-cache\bcmu8bwlj7m80rttnth5kuywq\99d2u746w4bpgzmaicclfk7do\configuration-cache-report.html","build",410077,2026-08-01 15:04:30,"html"
"build\reports\configuration-cache\bgbrg7e2rsav4uenkik52686u\bn54y2pecb6ymzijjwepq2f4b\configuration-cache-report.html","build",361681,2026-08-01 13:20:43,"html"
"build\reports\configuration-cache\bgtuq25dxfy50vx1vax9nil0y\a2ajwcjdvw5attwr5ebk83fh4\configuration-cache-report.html","build",409963,2026-08-02 15:37:22,"html"
"build\reports\configuration-cache\bmxwpat6jx5s2z7sxbmvf7l23\epwpbya6w2od5lkjue76w9ch7\configuration-cache-report.html","build",399709,2026-08-01 18:16:13,"html"
"build\reports\configuration-cache\bnyls75f923ky5uyrmcvbwm9d\vlutgiuahw2j340pvc3k4mg9\configuration-cache-report.html","build",400400,2026-08-02 16:57:07,"html"
"build\reports\configuration-cache\boj0uew0rl5eaqgjsiyycwbp2\1bgum2x3p7elfffxguab14bnr\configuration-cache-report.html","build",409989,2026-08-02 01:29:12,"html"
"build\reports\configuration-cache\boj0uew0rl5eaqgjsiyycwbp2\2e2fyllslnks2ftpw1rkdifkp\configuration-cache-report.html","build",324754,2026-07-30 20:02:28,"html"
"build\reports\configuration-cache\boj0uew0rl5eaqgjsiyycwbp2\2pyxoyk99v1xen4k376lyd9e6\configuration-cache-report.html","build",410017,2026-08-01 19:23:06,"html"
"build\reports\configuration-cache\boj0uew0rl5eaqgjsiyycwbp2\3mr18ivqtdkigbrjbgrnvqxqy\configuration-cache-report.html","build",410002,2026-07-31 20:20:16,"html"
"build\reports\configuration-cache\boj0uew0rl5eaqgjsiyycwbp2\45qnr7fttjaafe58poeakebla\configuration-cache-report.html","build",413329,2026-08-02 21:13:51,"html"
"build\reports\configuration-cache\boj0uew0rl5eaqgjsiyycwbp2\4gjkfoyikz4n4csl5zkk2doh1\configuration-cache-report.html","build",409994,2026-08-02 01:32:47,"html"
"build\reports\configuration-cache\boj0uew0rl5eaqgjsiyycwbp2\4tkds3ar8ezw5soqveclv31wh\configuration-cache-report.html","build",409987,2026-08-01 21:00:52,"html"
"build\reports\configuration-cache\boj0uew0rl5eaqgjsiyycwbp2\5jszd42vabpge3f56w8lg8ibj\configuration-cache-report.html","build",410035,2026-08-02 18:00:11,"html"
"build\reports\configuration-cache\boj0uew0rl5eaqgjsiyycwbp2\6t1gnr4oh1ltehou0kejyqtj7\configuration-cache-report.html","build",412661,2026-08-02 01:21:00,"html"
"build\reports\configuration-cache\boj0uew0rl5eaqgjsiyycwbp2\8giyk37s91e5rpke8eg05o9p0\configuration-cache-report.html","build",410000,2026-07-31 18:19:26,"html"
"build\reports\configuration-cache\boj0uew0rl5eaqgjsiyycwbp2\bf7btu9yisu5r5aclxudh3dxs\configuration-cache-report.html","build",410047,2026-08-02 17:04:22,"html"
"build\reports\configuration-cache\boj0uew0rl5eaqgjsiyycwbp2\bt9z5pb7g06n0rh0pareveb5q\configuration-cache-report.html","build",409993,2026-08-02 01:30:52,"html"
"build\reports\configuration-cache\boj0uew0rl5eaqgjsiyycwbp2\cv40dbj9564yvm28q5b6vhoqq\configuration-cache-report.html","build",324414,2026-07-30 20:05:46,"html"
"build\reports\configuration-cache\boj0uew0rl5eaqgjsiyycwbp2\f0v6fnid3zixlmqwmiu8g9ns5\configuration-cache-report.html","build",382244,2026-07-30 20:13:18,"html"
"build\reports\configuration-cache\boj0uew0rl5eaqgjsiyycwbp2\f5dkailr34fxvd9pr97vtnvv4\configuration-cache-report.html","build",413273,2026-08-02 15:00:23,"html"
"build\reports\configuration-cache\bol9e0gwe1rmiz5xzo2t7sqlg\cz6hvpf1tso1i5twbef31any7\configuration-cache-report.html","build",413275,2026-07-31 23:30:58,"html"
"build\reports\configuration-cache\buc2xhw26fvy474g074us1q1r\3kt8keagq3hphmbnfytgb792z\configuration-cache-report.html","build",397572,2026-08-01 18:03:07,"html"
"build\reports\configuration-cache\bv219uifrppomeckxpeq5lat0\dykg34457etlbo96n6wfo5j1a\configuration-cache-report.html","build",397446,2026-08-01 18:13:26,"html"
"build\reports\configuration-cache\byrmjr3n51jt7m2y6xnew3zfy\5uauzdqyszsr4yizwbota05bh\configuration-cache-report.html","build",399787,2026-08-01 18:25:01,"html"
"build\reports\configuration-cache\bzrnrdqytpugt6yz8w5exsqqq\dm3oackcmiwzslxna7radmtsr\configuration-cache-report.html","build",338563,2026-08-02 13:17:25,"html"
"build\reports\configuration-cache\c14y6raa8q40921y8mqrz70fg\ahgfblimed18haprqos43lp0o\configuration-cache-report.html","build",370987,2026-07-31 20:42:04,"html"
"build\reports\configuration-cache\c299imbwzqfw0ys1vddpzb20b\5yq0qxk1n6p7zln2lm1y6zzfw\configuration-cache-report.html","build",368694,2026-07-31 19:32:38,"html"
"build\reports\configuration-cache\c299imbwzqfw0ys1vddpzb20b\7yn43dsn4xpczoowi353rd4qo\configuration-cache-report.html","build",371948,2026-08-03 08:22:30,"html"
"build\reports\configuration-cache\c299imbwzqfw0ys1vddpzb20b\8q3dfwdl4r3n6wnllw66dcrvi\configuration-cache-report.html","build",368677,2026-07-31 18:42:22,"html"
"build\reports\configuration-cache\c299imbwzqfw0ys1vddpzb20b\drmbrgqlvel8wsgva9k5ys2pv\configuration-cache-report.html","build",368710,2026-07-31 19:28:37,"html"
"build\reports\configuration-cache\c41vg36gnmy6zv9fynr2xjipz\231vr8timfyt4j9mtm9cjpb58\configuration-cache-report.html","build",409947,2026-07-31 20:51:39,"html"
"build\reports\configuration-cache\c41vg36gnmy6zv9fynr2xjipz\ry14hs1hjm7dhe8709nhtyza\configuration-cache-report.html","build",413226,2026-08-01 23:57:49,"html"
"build\reports\configuration-cache\c6h9gvzes1u0lc5gn07l3zy4b\dvidmrz7ai0ahsyr6kmtip7zq\configuration-cache-report.html","build",409757,2026-08-02 17:51:50,"html"
"build\reports\configuration-cache\c6zs8b17p6hbg0f6xfuadmk73\87xuvwkt62ya75cle2yixtg9q\configuration-cache-report.html","build",338997,2026-08-01 09:21:07,"html"
"build\reports\configuration-cache\c88w3l2550qxru95mrwwv824i\dgv5gvds50icavbti7gx7f18w\configuration-cache-report.html","build",373411,2026-07-31 20:21:25,"html"
"build\reports\configuration-cache\cbit4rxz4uuq4e2az12vjkylg\b33a86l5w0d3i3z7r5nm9kp44\configuration-cache-report.html","build",409637,2026-08-02 17:55:41,"html"
"build\reports\configuration-cache\cea2itt1qobp7j6bk9avtc3sd\l4337eg78qz9a2u03msnje9s\configuration-cache-report.html","build",368841,2026-07-31 19:29:56,"html"
"build\reports\configuration-cache\cfox1ye4hmvy0s44h7n5re7h1\1z1n7b7cmb2sr14gpwx62cxvj\configuration-cache-report.html","build",412973,2026-08-01 09:23:04,"html"
"build\reports\configuration-cache\cg9rseh0od04hzcqieajhch3k\d819x2nmy8o4uuyimuhl8qynx\configuration-cache-report.html","build",375423,2026-08-02 13:25:04,"html"
"build\reports\configuration-cache\ch9ydrwa0d9n4acguu6kfaz3z\cko48vgi0pgv1atbjehzsnbct\configuration-cache-report.html","build",410063,2026-08-01 17:16:06,"html"
"build\reports\configuration-cache\cjs9e8rgnzvaoaals7rd8baot\9j9qllfzmufon7f7r88a82svy\configuration-cache-report.html","build",410055,2026-07-31 21:03:03,"html"
"build\reports\configuration-cache\cn6kcpxcuruih6efg7m6pwwse\9ruputwslr8y69952zb4frlmy\configuration-cache-report.html","build",410051,2026-08-01 07:23:47,"html"
"build\reports\configuration-cache\cqpfo6faek0nujuw35i810dy3\apnop2t0zpkko2yhdr7luuaa4\configuration-cache-report.html","build",413571,2026-08-02 15:44:14,"html"
"build\reports\configuration-cache\cr2c5f3tsrn4t8ei1rf166evd\60kwnxk15g5o0ozgjznby33mn\configuration-cache-report.html","build",400031,2026-08-01 13:27:47,"html"
"build\reports\configuration-cache\csnqksi0v95miknpdga608wg6\cwcs689sm5qbh9hosl48iiwx7\configuration-cache-report.html","build",409945,2026-08-02 01:42:40,"html"
"build\reports\configuration-cache\csnqksi0v95miknpdga608wg6\eqg18z074gajyjyqw02449jh8\configuration-cache-report.html","build",409917,2026-08-01 21:37:04,"html"
"build\reports\configuration-cache\cuivzeffzqz400t890qcuzl4\f31169qwp38g245wcbsp1w6ix\configuration-cache-report.html","build",373470,2026-08-01 13:36:10,"html"
"build\reports\configuration-cache\czwxyaaq3arfls8nazek66wto\1fb0gxxxcyvvpuk31ilb8s6rs\configuration-cache-report.html","build",368859,2026-07-31 19:34:00,"html"
"build\reports\configuration-cache\d019odv884lubp3m9wdld13qt\3117zxyvhzm1t0g3ne1s1hg1d\configuration-cache-report.html","build",409827,2026-08-02 17:52:41,"html"
"build\reports\configuration-cache\d12s6z3rznu11mx54he2t3q7b\cigmr30ccj8smnfvj2iprvc9x\configuration-cache-report.html","build",373886,2026-07-31 19:37:09,"html"
"build\reports\configuration-cache\d72gm6oy5nur9zmsl41ide9zd\6rlbp1315m6mlzyk86rygy2iq\configuration-cache-report.html","build",373462,2026-08-01 13:33:09,"html"
"build\reports\configuration-cache\d7fsfc1p6welosi422u1fkc8d\5vspth4fx4pt5nuipk171nx11\configuration-cache-report.html","build",409877,2026-08-01 20:56:33,"html"
"build\reports\configuration-cache\d9jj0bfm1h5frikge45x4gdkd\b67bfor9o0a0iausj99w8f0dw\configuration-cache-report.html","build",409731,2026-08-02 21:15:28,"html"
"build\reports\configuration-cache\ddecmcp7c0p46mg04yi6ifbpk\93ihbizh78ai7mt1wcx35ykys\configuration-cache-report.html","build",409907,2026-08-01 17:09:33,"html"
"build\reports\configuration-cache\ddgbqbuco8ngrqg03b68bchtq\ef2picwy3jifcrridiw3ekfsv\configuration-cache-report.html","build",366481,2026-08-01 19:37:05,"html"
"build\reports\configuration-cache\df1zuchj17o3v6lwnmfi0agyr\2hmmyqaoba9j5aiwwatufcbvp\configuration-cache-report.html","build",400323,2026-08-02 16:55:08,"html"
"build\reports\configuration-cache\dggycuaaw6waqja82zk924bz7\3scrdp3lkutdm12je9unagcy6\configuration-cache-report.html","build",412957,2026-07-31 21:36:19,"html"
"build\reports\configuration-cache\djh7ykgnnrz4lvp1pfe50a8x0\7noxw7j89yqvdwkls2z0bwgcy\configuration-cache-report.html","build",409939,2026-08-01 23:03:43,"html"
"build\reports\configuration-cache\dn8c2a9avaq18eumf3jan3ra4\edop09pxpx5iylra0g4zg08iw\configuration-cache-report.html","build",406685,2026-08-02 15:41:57,"html"
"build\reports\configuration-cache\dt44twgfshewxnvl1qhjjv6x0\4f46775iscjhgmz51qayuoz1h\configuration-cache-report.html","build",413169,2026-08-02 15:35:30,"html"
"build\reports\configuration-cache\dwtqj0wxzji5j1ji6gsihv9d0\6123n8krgpnyz0qjfpxeexs0v\configuration-cache-report.html","build",383494,2026-08-01 13:25:28,"html"
"build\reports\configuration-cache\dyx2q72vy81vea7gmpnhl3lq2\8j0fnj6owwwkl6bzwjisnl990\configuration-cache-report.html","build",338929,2026-08-02 01:00:03,"html"
"build\reports\configuration-cache\dzp07gyinies1k972vf9aey36\641qckzkp9spmh56lpy9sudu5\configuration-cache-report.html","build",373320,2026-08-01 18:33:42,"html"
"build\reports\configuration-cache\e0dht96t1e33x3dvypkyn1yd2\24kmq932c3q40x5u8luomu429\configuration-cache-report.html","build",397458,2026-08-01 18:29:05,"html"
"build\reports\configuration-cache\e0juq5g0jda5745hinqhly16i\3kodt0hwc0g4pmk0nc50zdslq\configuration-cache-report.html","build",410077,2026-08-01 15:06:25,"html"
"build\reports\configuration-cache\e3mqolx0om478f3um4iq0kgb5\32nlr7bljooe9nu6j8vbskfv7\configuration-cache-report.html","build",376004,2026-08-01 19:31:52,"html"
"build\reports\configuration-cache\e4yrymw9ydi3k5cqj3dap21i9\3nvobgeoui0w13wumkv59f4nr\configuration-cache-report.html","build",383326,2026-08-02 14:37:48,"html"
"build\reports\configuration-cache\e7pm5j39bk4u439ubdnqbcajq\cmicqf76459s7ga5ffseeswon\configuration-cache-report.html","build",367096,2026-08-03 07:07:37,"html"
"build\reports\configuration-cache\e8n0qevvdwczugcyyv8l7j468\1844dypht30s621tvt7uedrvn\configuration-cache-report.html","build",409771,2026-08-01 01:06:16,"html"
"build\reports\configuration-cache\ea2iymk3pnnfcl396yvexnms5\3s1y4gsvy1hwf59403nk02ekk\configuration-cache-report.html","build",397572,2026-08-02 14:34:23,"html"
"build\reports\configuration-cache\ecoeiuf8nuw5xq2r8s5k2sjt2\68gzauwo7pwgj15elip97mqlm\configuration-cache-report.html","build",399803,2026-08-01 13:24:54,"html"
"build\reports\configuration-cache\edtbvkl813ipqi3zzuxuu2m3w\1g6wajcwdb6hbe2d2h5f8vjhn\configuration-cache-report.html","build",397518,2026-08-01 16:41:10,"html"
"build\reports\configuration-cache\em1x23yjbfl2qercaf98pjq6n\3vpac5qcmdjypd8ijjhim3ydq\configuration-cache-report.html","build",397524,2026-07-31 21:33:10,"html"
"build\reports\configuration-cache\enbom4fs0t8a4dwvqkw4zqlv0\bu5fdr6mxozlhzegvbkvctd01\configuration-cache-report.html","build",368588,2026-08-01 17:32:24,"html"
"build\reports\configuration-cache\epi22039q0pkne6uwh49fcu2y\ab3qvgd5ca7ltw0uvo7glxl7o\configuration-cache-report.html","build",409893,2026-08-02 17:54:57,"html"
"build\reports\configuration-cache\f276j95ll52e2t2m8xdam6cud\5kzug0s7si9sthgwk76ujpfd4\configuration-cache-report.html","build",409975,2026-08-02 01:41:44,"html"
"build\reports\configuration-cache\f276j95ll52e2t2m8xdam6cud\6gklqqrmqk2tg28jyreybrun6\configuration-cache-report.html","build",413237,2026-08-01 19:28:21,"html"
"build\reports\configuration-cache\f276j95ll52e2t2m8xdam6cud\8dkvp99rk7vbidzqdei7nypjq\configuration-cache-report.html","build",410023,2026-08-02 17:59:39,"html"
"build\reports\configuration-cache\f276j95ll52e2t2m8xdam6cud\agw0c0fj9tosmyqkw16dcqfau\configuration-cache-report.html","build",409985,2026-08-02 17:03:47,"html"
"build\reports\configuration-cache\f276j95ll52e2t2m8xdam6cud\asieckd7kmnlcnq37qwbsgv33\configuration-cache-report.html","build",409975,2026-08-01 21:08:58,"html"
"build\reports\configuration-cache\f276j95ll52e2t2m8xdam6cud\bltubn1jvcxm1qv0ciltet2k1\configuration-cache-report.html","build",410041,2026-08-02 20:16:27,"html"
"build\reports\configuration-cache\i7sw71jqu0d495k8fwqtn5vb\clmd20qgn23bnqkpal1a4itiv\configuration-cache-report.html","build",380316,2026-07-31 00:06:55,"html"
"build\reports\configuration-cache\i7sw71jqu0d495k8fwqtn5vb\e54n3nsvuqwvi2bznqni4dfit\configuration-cache-report.html","build",410659,2026-08-01 10:33:25,"html"
"build\reports\configuration-cache\j7ze0dieij23jrxebf7p0ots\6l6l8clw10merjvhw0rneheyg\configuration-cache-report.html","build",412792,2026-08-03 07:59:10,"html"
"build\reports\configuration-cache\j7ze0dieij23jrxebf7p0ots\9yr0g2lztbhe2omkuq1ka6y8u\configuration-cache-report.html","build",409511,2026-07-31 21:04:09,"html"
"build\reports\configuration-cache\km7o4qjhiz2dnm7qt3vhsvyk\1elgb77vnftzlu8tjss0zlag\configuration-cache-report.html","build",373745,2026-07-31 19:21:23,"html"
"build\reports\configuration-cache\km7o4qjhiz2dnm7qt3vhsvyk\7um7qwocxxudskynwa27wcipt\configuration-cache-report.html","build",373738,2026-07-31 19:03:04,"html"
"build\reports\configuration-cache\km7o4qjhiz2dnm7qt3vhsvyk\9c98yi05e717r1ij1u68x63j0\configuration-cache-report.html","build",373766,2026-07-31 18:59:38,"html"
"build\reports\configuration-cache\omcuq3xxvwx5z8mwpkfvp1pd\2mo7k9uy4h3sl1jhfwze2fb51\configuration-cache-report.html","build",369488,2026-08-03 07:52:34,"html"
"build\reports\configuration-cache\omcuq3xxvwx5z8mwpkfvp1pd\a3ojpsqahu77vo2frkw66krbo\configuration-cache-report.html","build",368573,2026-07-31 20:37:43,"html"
"build\reports\configuration-cache\z0ucheudm8ez3ivons0dvx46\5s0w14rdp8itcnwv40ny18pw5\configuration-cache-report.html","build",361800,2026-07-31 13:09:05,"html"
"build\reports\problems\problems-report.html","build",127191,2026-08-03 08:22:30,"html"
"build\tmp\aivance-wal","build",494432,2026-08-01 13:45:21,""
"build\tmp\aivance.db","build",17977344,2026-08-01 13:43:41,"db"
"build\tmp\aivance_recon.db","build",17977344,2026-08-01 13:45:21,"db"
"build\tmp\db_after.db","build",23269376,2026-08-01 13:53:50,"db"
"build\tmp\db_final.db","build",23269376,2026-08-01 14:27:00,"db"
"build\tmp\db_final2.db","build",34025472,2026-08-01 14:35:01,"db"
"build\tmp\db_keys.db","build",23269376,2026-08-01 14:17:50,"db"
"build\tmp\db_keys2.db","build",23269376,2026-08-01 14:18:53,"db"
"build\tmp\db_live.db","build",18071552,2026-08-01 13:48:25,"db"
"build\tmp\db_search.db","build",28676096,2026-08-01 14:29:23,"db"
"build\tmp\device_screen1.png","build",1001692,2026-08-01 14:42:42,"png"
"build\tmp\screen.png","build",221083,2026-08-01 13:45:20,"png"
"build\tmp\screen1.png","build",221438,2026-08-01 13:48:00,"png"
"build\tmp\screen1_small.png","build",205551,2026-08-01 13:48:49,"png"
"build\tmp\screen_assistant.png","build",218402,2026-08-01 13:53:37,"png"
"build\tmp\screen_small.png","build",140237,2026-08-01 13:45:20,"png"
"build\tmp\uid.xml","build",34921,2026-08-01 13:46:25,"xml"
"build\tmp\wd.xml","build",67,2026-08-01 13:44:59,"xml"
"config\detekt\detekt.yml","config",2352,2026-07-30 20:00:14,"yml"
"core\ai-providers\build.gradle.kts","core/ai-providers",1141,2026-07-30 20:00:14,"kts"
"core\ai-providers\src\main\kotlin\com\bangersoul\aivance\ai\anthropic\ClaudeApi.kt","core/ai-providers",1043,2026-07-30 20:00:14,"kt"
"core\ai-providers\src\main\kotlin\com\bangersoul\aivance\ai\anthropic\ClaudeProvider.kt","core/ai-providers",10431,2026-08-01 01:02:59,"kt"
"core\ai-providers\src\main\kotlin\com\bangersoul\aivance\ai\anthropic\models\ClaudeModels.kt","core/ai-providers",1385,2026-07-30 20:00:14,"kt"
"core\ai-providers\src\main\kotlin\com\bangersoul\aivance\ai\di\AiProvidersModule.kt","core/ai-providers",4008,2026-07-30 20:00:14,"kt"
"core\ai-providers\src\main\kotlin\com\bangersoul\aivance\ai\gemini\GeminiAIProvider.kt","core/ai-providers",9072,2026-08-01 01:02:59,"kt"
"core\ai-providers\src\main\kotlin\com\bangersoul\aivance\ai\openai\GroqProvider.kt","core/ai-providers",1296,2026-08-01 00:05:24,"kt"
"core\ai-providers\src\main\kotlin\com\bangersoul\aivance\ai\openai\OllamaProvider.kt","core/ai-providers",1152,2026-08-01 00:05:35,"kt"
"core\ai-providers\src\main\kotlin\com\bangersoul\aivance\ai\openai\OpenAiApi.kt","core/ai-providers",2548,2026-08-01 01:02:45,"kt"
"core\ai-providers\src\main\kotlin\com\bangersoul\aivance\ai\openai\OpenAiBaseProvider.kt","core/ai-providers",9961,2026-08-01 01:07:19,"kt"
"core\ai-providers\src\main\kotlin\com\bangersoul\aivance\ai\openai\OpenAIProvider.kt","core/ai-providers",1164,2026-08-01 00:05:35,"kt"
"core\ai-providers\src\main\kotlin\com\bangersoul\aivance\ai\openai\OpenRouterProvider.kt","core/ai-providers",1256,2026-08-01 00:05:35,"kt"
"core\ai-providers\src\test\java\com\bangersoul\aivance\ai\openai\OpenAiApiSerializationTest.kt","core/ai-providers",4080,2026-08-02 14:48:53,"kt"
"core\common\build.gradle.kts","core/common",783,2026-07-30 20:00:14,"kts"
"core\common\src\main\java\com\bangersoul\aivance\core\common\constant\CoreConstants.kt","core/common",4314,2026-07-30 20:00:14,"kt"
"core\common\src\main\java\com\bangersoul\aivance\core\common\dto\AnalyticsDtos.kt","core/common",2311,2026-07-30 20:00:14,"kt"
"core\common\src\main\java\com\bangersoul\aivance\core\common\dto\CoreDtos.kt","core/common",7338,2026-07-30 20:00:14,"kt"
"core\common\src\main\java\com\bangersoul\aivance\core\common\enums\CoreEnums.kt","core/common",2149,2026-08-02 14:18:35,"kt"
"core\common\src\main\java\com\bangersoul\aivance\core\common\exception\CoreExceptions.kt","core/common",3934,2026-07-30 20:00:14,"kt"
"core\common\src\main\java\com\bangersoul\aivance\core\common\mapper\CoreMappers.kt","core/common",6405,2026-07-31 13:00:46,"kt"
"core\common\src\main\java\com\bangersoul\aivance\core\common\model\AnalyticsModels.kt","core/common",1014,2026-07-31 14:47:07,"kt"
"core\common\src\main\java\com\bangersoul\aivance\core\common\model\DomainModels.kt","core/common",13250,2026-08-02 14:18:44,"kt"
"core\common\src\main\java\com\bangersoul\aivance\core\common\model\WorkflowModels.kt","core/common",1397,2026-07-31 14:16:55,"kt"
"core\common\src\main\java\com\bangersoul\aivance\core\common\result\CoreResult.kt","core/common",4779,2026-07-30 20:00:14,"kt"
"core\common\src\main\java\com\bangersoul\aivance\core\common\security\EncryptedString.kt","core/common",343,2026-07-31 16:41:58,"kt"
"core\common\src\main\java\com\bangersoul\aivance\core\common\util\CoreUtils.kt","core/common",6001,2026-07-30 20:00:14,"kt"
"core\common\src\main\java\com\bangersoul\aivance\core\common\validation\CoreValidators.kt","core/common",7560,2026-07-31 03:08:41,"kt"
"core\common\src\test\java\com\bangersoul\aivance\core\common\exception\CoreExceptionsTest.kt","core/common",2897,2026-07-30 20:00:14,"kt"
"core\common\src\test\java\com\bangersoul\aivance\core\common\mapper\CoreMappersTest.kt","core/common",8849,2026-07-31 18:22:59,"kt"
"core\common\src\test\java\com\bangersoul\aivance\core\common\result\CoreResultTest.kt","core/common",2699,2026-07-30 20:00:14,"kt"
"core\common\src\test\java\com\bangersoul\aivance\core\common\util\CoreUtilsTest.kt","core/common",3756,2026-07-30 20:00:14,"kt"
"core\common\src\test\java\com\bangersoul\aivance\core\common\validation\CoreValidatorsTest.kt","core/common",6120,2026-07-31 18:22:03,"kt"
"core\data\build.gradle.kts","core/data",1483,2026-08-02 01:28:13,"kts"
"core\data\src\main\java\com\bangersoul\aivance\core\data\analytics\AnalyticsEngineImpl.kt","core/data",11294,2026-07-30 20:00:15,"kt"
"core\data\src\main\java\com\bangersoul\aivance\core\data\analytics\CrashReporter.kt","core/data",2075,2026-07-30 20:00:15,"kt"
"core\data\src\main\java\com\bangersoul\aivance\core\data\analytics\PerformanceCollector.kt","core/data",5513,2026-07-30 20:00:15,"kt"
"core\data\src\main\java\com\bangersoul\aivance\core\data\cache\CacheManager.kt","core/data",884,2026-07-30 20:00:15,"kt"
"core\data\src\main\java\com\bangersoul\aivance\core\data\cache\MemoryCache.kt","core/data",1492,2026-07-30 20:00:15,"kt"
"core\data\src\main\java\com\bangersoul\aivance\core\data\config\PrivacyManagerImpl.kt","core/data",5116,2026-07-30 20:00:15,"kt"
"core\data\src\main\java\com\bangersoul\aivance\core\data\di\AnalyticsModule.kt","core/data",1217,2026-07-30 20:00:15,"kt"
"core\data\src\main\java\com\bangersoul\aivance\core\data\di\DataModule.kt","core/data",1900,2026-07-30 20:50:07,"kt"
"core\data\src\main\java\com\bangersoul\aivance\core\data\di\DataSourceModule.kt","core/data",2783,2026-07-30 20:00:15,"kt"
"core\data\src\main\java\com\bangersoul\aivance\core\data\di\RepositoryModule.kt","core/data",2926,2026-08-01 18:23:25,"kt"
"core\data\src\main\java\com\bangersoul\aivance\core\data\job\JobFilterMatcher.kt","core/data",7690,2026-08-03 07:50:44,"kt"
"core\data\src\main\java\com\bangersoul\aivance\core\data\job\JobNormalizer.kt","core/data",1745,2026-07-31 11:03:46,"kt"
"core\data\src\main\java\com\bangersoul\aivance\core\data\mapper\AnalyticsMappers.kt","core/data",2550,2026-07-31 14:50:47,"kt"
"core\data\src\main\java\com\bangersoul\aivance\core\data\mapper\EntityMappers.kt","core/data",23738,2026-08-01 18:39:12,"kt"
"core\data\src\main\java\com\bangersoul\aivance\core\data\repository\AiRepositoryImpl.kt","core/data",4121,2026-08-02 15:15:48,"kt"
"core\data\src\main\java\com\bangersoul\aivance\core\data\repository\AnalyticsRepositoryImpl.kt","core/data",3957,2026-07-31 15:06:17,"kt"
"core\data\src\main\java\com\bangersoul\aivance\core\data\repository\ApplicationWorkflowRepositoryImpl.kt","core/data",5449,2026-08-02 13:24:34,"kt"
"core\data\src\main\java\com\bangersoul\aivance\core\data\repository\AssistantRepositoryImpl.kt","core/data",1404,2026-07-31 15:39:56,"kt"
"core\data\src\main\java\com\bangersoul\aivance\core\data\repository\AtsRepositoryImpl.kt","core/data",7162,2026-08-02 14:27:41,"kt"
"core\data\src\main\java\com\bangersoul\aivance\core\data\repository\CoverLetterRepositoryImpl.kt","core/data",8804,2026-08-02 15:16:16,"kt"
"core\data\src\main\java\com\bangersoul\aivance\core\data\repository\InterviewKnowledgeRepositoryImpl.kt","core/data",6294,2026-08-01 18:26:22,"kt"
"core\data\src\main\java\com\bangersoul\aivance\core\data\repository\InterviewRepositoryImpl.kt","core/data",9800,2026-08-01 13:20:14,"kt"
"core\data\src\main\java\com\bangersoul\aivance\core\data\repository\JobRepositoryImpl.kt","core/data",9957,2026-08-03 07:50:48,"kt"
"core\data\src\main\java\com\bangersoul\aivance\core\data\repository\JobTrackerRepositoryImpl.kt","core/data",2663,2026-07-30 20:00:15,"kt"
"core\data\src\main\java\com\bangersoul\aivance\core\data\repository\ProviderRepositoryImpl.kt","core/data",5092,2026-08-01 07:47:19,"kt"
"core\data\src\main\java\com\bangersoul\aivance\core\data\repository\ResumeRepositoryImpl.kt","core/data",7365,2026-08-02 13:24:01,"kt"
"core\data\src\main\java\com\bangersoul\aivance\core\data\repository\SearchRepositoryImpl.kt","core/data",1099,2026-07-30 20:00:15,"kt"
"core\data\src\main\java\com\bangersoul\aivance\core\data\repository\SettingsRepositoryImpl.kt","core/data",2260,2026-07-30 20:00:15,"kt"
"core\data\src\main\java\com\bangersoul\aivance\core\data\repository\UserRepositoryImpl.kt","core/data",1409,2026-07-30 20:00:15,"kt"
"core\data\src\main\java\com\bangersoul\aivance\core\data\repository\crm\CompanyIntelligenceRepositoryImpl.kt","core/data",2458,2026-08-01 10:17:49,"kt"
"core\data\src\main\java\com\bangersoul\aivance\core\data\repository\crm\CRMRepositoryImpl.kt","core/data",1534,2026-07-31 12:03:39,"kt"
"core\data\src\main\java\com\bangersoul\aivance\core\data\repository\crm\OutreachRepositoryImpl.kt","core/data",2979,2026-07-31 12:03:38,"kt"
"core\data\src\main\java\com\bangersoul\aivance\core\data\repository\crm\RecruiterIntelligenceRepositoryImpl.kt","core/data",2755,2026-07-31 12:03:35,"kt"
"core\data\src\main\java\com\bangersoul\aivance\core\data\resume\ResumeParser.kt","core/data",6160,2026-08-02 16:48:46,"kt"
"core\data\src\main\java\com\bangersoul\aivance\core\data\service\TextGenerationServiceImpl.kt","core/data",1691,2026-07-30 20:00:15,"kt"
"core\data\src\main\java\com\bangersoul\aivance\core\data\source\AiLocalDataSource.kt","core/data",4566,2026-08-01 00:09:24,"kt"
"core\data\src\main\java\com\bangersoul\aivance\core\data\source\CoverLetterLocalDataSource.kt","core/data",1465,2026-07-31 13:06:29,"kt"
"core\data\src\main\java\com\bangersoul\aivance\core\data\source\InterviewLocalDataSource.kt","core/data",1863,2026-07-31 13:50:58,"kt"
"core\data\src\main\java\com\bangersoul\aivance\core\data\source\JobLocalDataSource.kt","core/data",4194,2026-07-31 11:23:51,"kt"
"core\data\src\main\java\com\bangersoul\aivance\core\data\source\ResumeLocalDataSource.kt","core/data",4573,2026-08-02 16:55:21,"kt"
"core\data\src\main\java\com\bangersoul\aivance\core\data\source\SearchLocalDataSource.kt","core/data",1655,2026-07-30 20:00:15,"kt"
"core\data\src\main\java\com\bangersoul\aivance\core\data\source\SettingsLocalDataSource.kt","core/data",791,2026-07-30 20:00:15,"kt"
"core\data\src\main\java\com\bangersoul\aivance\core\data\source\UserLocalDataSource.kt","core/data",2207,2026-07-30 20:00:15,"kt"
"core\data\src\main\java\com\bangersoul\aivance\core\data\telemetry\StructuredTimberTree.kt","core/data",1340,2026-07-30 20:00:15,"kt"
"core\data\src\main\java\com\bangersoul\aivance\core\data\telemetry\TelemetryEngineImpl.kt","core/data",5116,2026-07-31 00:48:04,"kt"
"core\data\src\main\java\com\bangersoul\aivance\core\data\util\Clock.kt","core/data",372,2026-07-30 20:00:15,"kt"
"core\data\src\test\java\com\bangersoul\aivance\core\data\analytics\AnalyticsEngineTest.kt","core/data",11201,2026-08-02 00:18:23,"kt"
"core\data\src\test\java\com\bangersoul\aivance\core\data\cache\MemoryCacheTest.kt","core/data",1916,2026-07-30 20:00:15,"kt"
"core\data\src\test\java\com\bangersoul\aivance\core\data\job\JobFilterMatcherTest.kt","core/data",8074,2026-08-02 15:02:51,"kt"
"core\data\src\test\java\com\bangersoul\aivance\core\data\repository\JobRepositoryImplTest.kt","core/data",3883,2026-08-03 08:14:49,"kt"
"core\data\src\test\java\com\bangersoul\aivance\core\data\repository\JobRepositoryIntegrationTest.kt","core/data",6339,2026-07-31 18:43:00,"kt"
"core\data\src\test\java\com\bangersoul\aivance\core\data\repository\JobTrackerRepositoryImplTest.kt","core/data",4057,2026-07-30 20:00:15,"kt"
"core\data\src\test\java\com\bangersoul\aivance\core\data\repository\ResumeRepositoryImplTest.kt","core/data",6094,2026-07-31 19:35:31,"kt"
"core\data\src\test\java\com\bangersoul\aivance\core\data\repository\UserRepositoryImplTest.kt","core/data",2476,2026-07-30 20:00:15,"kt"
"core\data\src\test\java\com\bangersoul\aivance\core\data\resume\ResumeParserTest.kt","core/data",2253,2026-07-31 03:25:52,"kt"
"core\database\build.gradle.kts","core/database",2022,2026-08-02 01:31:25,"kts"
"core\database\schemas\com.bangersoul.aivance.core.database.AivanceDatabase\10.json","core/database",30582,2026-07-31 02:20:55,"json"
"core\database\schemas\com.bangersoul.aivance.core.database.AivanceDatabase\11.json","core/database",33269,2026-07-31 03:10:34,"json"
"core\database\schemas\com.bangersoul.aivance.core.database.AivanceDatabase\12.json","core/database",38631,2026-07-31 10:29:55,"json"
"core\database\schemas\com.bangersoul.aivance.core.database.AivanceDatabase\13.json","core/database",43799,2026-07-31 11:13:03,"json"
"core\database\schemas\com.bangersoul.aivance.core.database.AivanceDatabase\14.json","core/database",54848,2026-07-31 12:23:36,"json"
"core\database\schemas\com.bangersoul.aivance.core.database.AivanceDatabase\15.json","core/database",59821,2026-07-31 13:01:59,"json"
"core\database\schemas\com.bangersoul.aivance.core.database.AivanceDatabase\16.json","core/database",66801,2026-07-31 13:44:30,"json"
"core\database\schemas\com.bangersoul.aivance.core.database.AivanceDatabase\17.json","core/database",79308,2026-07-31 14:22:22,"json"
"core\database\schemas\com.bangersoul.aivance.core.database.AivanceDatabase\18.json","core/database",84434,2026-07-31 15:08:46,"json"
"core\database\schemas\com.bangersoul.aivance.core.database.AivanceDatabase\19.json","core/database",90652,2026-07-31 15:52:29,"json"
"core\database\schemas\com.bangersoul.aivance.core.database.AivanceDatabase\20.json","core/database",91845,2026-07-31 16:41:38,"json"
"core\database\schemas\com.bangersoul.aivance.core.database.AivanceDatabase\21.json","core/database",93715,2026-08-01 16:34:52,"json"
"core\database\schemas\com.bangersoul.aivance.core.database.AivanceDatabase\22.json","core/database",93913,2026-08-01 18:24:35,"json"
"core\database\schemas\com.bangersoul.aivance.core.database.AivanceDatabase\23.json","core/database",94529,2026-08-01 18:42:32,"json"
"core\database\schemas\com.bangersoul.aivance.core.database.AivanceDatabase\5.json","core/database",11887,2026-07-30 20:00:15,"json"
"core\database\schemas\com.bangersoul.aivance.core.database.AivanceDatabase\6.json","core/database",16383,2026-07-30 20:00:15,"json"
"core\database\schemas\com.bangersoul.aivance.core.database.AivanceDatabase\7.json","core/database",20455,2026-07-30 20:00:15,"json"
"core\database\schemas\com.bangersoul.aivance.core.database.AivanceDatabase\8.json","core/database",24572,2026-07-30 20:00:15,"json"
"core\database\schemas\com.bangersoul.aivance.core.database.AivanceDatabase\9.json","core/database",30911,2026-07-30 20:00:15,"json"
"core\database\src\androidTest\java\com\bangersoul\aivance\core\database\MigrationTest.kt","core/database",1856,2026-07-30 20:00:15,"kt"
"core\database\src\androidTest\java\com\bangersoul\aivance\core\database\dao\AivanceFeatureDaoTest.kt","core/database",3596,2026-07-30 20:00:15,"kt"
"core\database\src\androidTest\java\com\bangersoul\aivance\core\database\dao\AtsFeatureDaoTest.kt","core/database",3863,2026-07-30 20:00:15,"kt"
"core\database\src\androidTest\java\com\bangersoul\aivance\core\database\dao\InterviewFeatureDaoTest.kt","core/database",2356,2026-07-30 20:00:15,"kt"
"core\database\src\androidTest\java\com\bangersoul\aivance\core\database\dao\JobFeatureDaoTest.kt","core/database",4155,2026-07-30 20:00:15,"kt"
"core\database\src\androidTest\java\com\bangersoul\aivance\core\database\dao\ProfileFeatureDaoTest.kt","core/database",2958,2026-07-30 20:00:15,"kt"
"core\database\src\main\java\com\bangersoul\aivance\core\database\AivanceDatabase.kt","core/database",32001,2026-08-01 18:39:03,"kt"
"core\database\src\main\java\com\bangersoul\aivance\core\database\DatabaseManager.kt","core/database",2553,2026-07-30 20:00:15,"kt"
"core\database\src\main\java\com\bangersoul\aivance\core\database\DatabaseSeed.kt","core/database",5657,2026-07-31 12:24:52,"kt"
"core\database\src\main\java\com\bangersoul\aivance\core\database\converter\AivanceConverters.kt","core/database",4051,2026-07-30 20:00:15,"kt"
"core\database\src\main\java\com\bangersoul\aivance\core\database\converter\EncryptedTypeConverters.kt","core/database",830,2026-08-02 01:31:08,"kt"
"core\database\src\main\java\com\bangersoul\aivance\core\database\dao\AiAnalyticsDao.kt","core/database",2698,2026-07-30 20:00:15,"kt"
"core\database\src\main\java\com\bangersoul\aivance\core\database\dao\AivanceDao.kt","core/database",856,2026-07-30 20:00:15,"kt"
"core\database\src\main\java\com\bangersoul\aivance\core\database\dao\AnalyticsDao.kt","core/database",1729,2026-07-31 14:42:19,"kt"
"core\database\src\main\java\com\bangersoul\aivance\core\database\dao\AssistantDao.kt","core/database",1482,2026-07-31 15:36:06,"kt"
"core\database\src\main\java\com\bangersoul\aivance\core\database\dao\AtsDao.kt","core/database",1694,2026-07-31 10:18:00,"kt"
"core\database\src\main\java\com\bangersoul\aivance\core\database\dao\AuditDao.kt","core/database",579,2026-07-31 16:29:21,"kt"
"core\database\src\main\java\com\bangersoul\aivance\core\database\dao\CompanyDao.kt","core/database",1004,2026-07-30 20:00:15,"kt"
"core\database\src\main\java\com\bangersoul\aivance\core\database\dao\CoverLetterDao.kt","core/database",2329,2026-07-31 12:48:39,"kt"
"core\database\src\main\java\com\bangersoul\aivance\core\database\dao\InterviewDao.kt","core/database",2451,2026-08-01 18:23:06,"kt"
"core\database\src\main\java\com\bangersoul\aivance\core\database\dao\JobDao.kt","core/database",2916,2026-08-02 16:46:51,"kt"
"core\database\src\main\java\com\bangersoul\aivance\core\database\dao\ProfileDao.kt","core/database",762,2026-07-30 20:00:15,"kt"
"core\database\src\main\java\com\bangersoul\aivance\core\database\dao\RecruiterDao.kt","core/database",2033,2026-07-31 11:59:57,"kt"
"core\database\src\main\java\com\bangersoul\aivance\core\database\dao\ResumeDao.kt","core/database",2164,2026-07-31 02:55:19,"kt"
"core\database\src\main\java\com\bangersoul\aivance\core\database\dao\RoadmapDao.kt","core/database",1824,2026-07-30 20:00:15,"kt"
"core\database\src\main\java\com\bangersoul\aivance\core\database\dao\SearchDao.kt","core/database",869,2026-07-30 20:00:15,"kt"
"core\database\src\main\java\com\bangersoul\aivance\core\database\dao\TrackerDao.kt","core/database",1994,2026-07-30 20:00:15,"kt"
"core\database\src\main\java\com\bangersoul\aivance\core\database\dao\UserDao.kt","core/database",1185,2026-08-01 16:36:01,"kt"
"core\database\src\main\java\com\bangersoul\aivance\core\database\dao\WorkflowDao.kt","core/database",2220,2026-07-31 14:15:25,"kt"
"core\database\src\main\java\com\bangersoul\aivance\core\database\di\DatabaseModule.kt","core/database",4726,2026-08-01 18:39:03,"kt"
"core\database\src\main\java\com\bangersoul\aivance\core\database\model\AIConversationEntity.kt","core/database",341,2026-07-30 20:00:15,"kt"
"core\database\src\main\java\com\bangersoul\aivance\core\database\model\AIConversationWithMessages.kt","core/database",351,2026-07-30 20:00:15,"kt"
"core\database\src\main\java\com\bangersoul\aivance\core\database\model\AIMessageEntity.kt","core/database",711,2026-07-30 20:00:15,"kt"
"core\database\src\main\java\com\bangersoul\aivance\core\database\model\AivanceEntity.kt","core/database",241,2026-07-30 20:00:15,"kt"
"core\database\src\main\java\com\bangersoul\aivance\core\database\model\AnalyticsEntities.kt","core/database",1361,2026-07-31 14:41:39,"kt"
"core\database\src\main\java\com\bangersoul\aivance\core\database\model\AnalyticsEventEntity.kt","core/database",377,2026-07-30 20:00:15,"kt"
"core\database\src\main\java\com\bangersoul\aivance\core\database\model\AssistantEntities.kt","core/database",1990,2026-07-31 15:35:42,"kt"
"core\database\src\main\java\com\bangersoul\aivance\core\database\model\AtsReportEntity.kt","core/database",1281,2026-07-31 10:17:14,"kt"
"core\database\src\main\java\com\bangersoul\aivance\core\database\model\AuditLogEntity.kt","core/database",520,2026-07-31 16:28:50,"kt"
"core\database\src\main\java\com\bangersoul\aivance\core\database\model\CompanyEntity.kt","core/database",462,2026-07-31 11:58:13,"kt"
"core\database\src\main\java\com\bangersoul\aivance\core\database\model\CoverLetterEntity.kt","core/database",484,2026-07-31 12:47:19,"kt"
"core\database\src\main\java\com\bangersoul\aivance\core\database\model\CoverLetterSectionEntity.kt","core/database",824,2026-07-31 12:48:00,"kt"
"core\database\src\main\java\com\bangersoul\aivance\core\database\model\CoverLetterVersionEntity.kt","core/database",891,2026-07-31 12:47:38,"kt"
"core\database\src\main\java\com\bangersoul\aivance\core\database\model\InterviewEvaluationEntity.kt","core/database",821,2026-07-31 13:31:52,"kt"
"core\database\src\main\java\com\bangersoul\aivance\core\database\model\InterviewMessageEntity.kt","core/database",869,2026-07-30 20:00:15,"kt"
"core\database\src\main\java\com\bangersoul\aivance\core\database\model\InterviewQuestionEntity.kt","core/database",946,2026-08-01 18:22:55,"kt"
"core\database\src\main\java\com\bangersoul\aivance\core\database\model\InterviewSessionEntity.kt","core/database",1371,2026-07-31 13:31:16,"kt"
"core\database\src\main\java\com\bangersoul\aivance\core\database\model\InterviewSessionWithMessages.kt","core/database",352,2026-07-30 20:00:15,"kt"
"core\database\src\main\java\com\bangersoul\aivance\core\database\model\JobApplicationEntity.kt","core/database",814,2026-07-30 20:00:15,"kt"
"core\database\src\main\java\com\bangersoul\aivance\core\database\model\JobApplicationWithDetails.kt","core/database",364,2026-07-30 20:00:15,"kt"
"core\database\src\main\java\com\bangersoul\aivance\core\database\model\JobDescriptionEntity.kt","core/database",481,2026-07-31 10:16:58,"kt"
"core\database\src\main\java\com\bangersoul\aivance\core\database\model\JobEntity.kt","core/database",1173,2026-07-31 11:03:00,"kt"
"core\database\src\main\java\com\bangersoul\aivance\core\database\model\JobMetadataEntities.kt","core/database",1322,2026-07-31 11:03:00,"kt"
"core\database\src\main\java\com\bangersoul\aivance\core\database\model\JobWithDetails.kt","core/database",305,2026-07-30 20:00:15,"kt"
"core\database\src\main\java\com\bangersoul\aivance\core\database\model\OutreachEntities.kt","core/database",1624,2026-07-31 11:58:52,"kt"
"core\database\src\main\java\com\bangersoul\aivance\core\database\model\ProviderConfigurationEntity.kt","core/database",502,2026-07-31 16:30:21,"kt"
"core\database\src\main\java\com\bangersoul\aivance\core\database\model\RecruiterEntities.kt","core/database",1518,2026-07-31 16:42:44,"kt"
"core\database\src\main\java\com\bangersoul\aivance\core\database\model\ResumeAnalysisEntity.kt","core/database",791,2026-07-30 20:00:15,"kt"
"core\database\src\main\java\com\bangersoul\aivance\core\database\model\ResumeEntity.kt","core/database",717,2026-07-31 16:42:58,"kt"
"core\database\src\main\java\com\bangersoul\aivance\core\database\model\ResumeSectionEntity.kt","core/database",738,2026-07-31 02:42:55,"kt"
"core\database\src\main\java\com\bangersoul\aivance\core\database\model\ResumeVersionEntity.kt","core/database",748,2026-07-31 02:42:53,"kt"
"core\database\src\main\java\com\bangersoul\aivance\core\database\model\RoadmapEntity.kt","core/database",530,2026-07-30 20:00:15,"kt"
"core\database\src\main\java\com\bangersoul\aivance\core\database\model\RoadmapStepEntity.kt","core/database",730,2026-07-30 20:00:15,"kt"
"core\database\src\main\java\com\bangersoul\aivance\core\database\model\RoadmapWithSteps.kt","core/database",323,2026-07-30 20:00:15,"kt"
"core\database\src\main\java\com\bangersoul\aivance\core\database\model\SavedSearchEntity.kt","core/database",371,2026-07-30 20:00:15,"kt"
"core\database\src\main\java\com\bangersoul\aivance\core\database\model\UserEntity.kt","core/database",787,2026-08-01 16:29:07,"kt"
"core\database\src\main\java\com\bangersoul\aivance\core\database\model\UserProfileEntity.kt","core/database",865,2026-08-01 18:38:47,"kt"
"core\database\src\main\java\com\bangersoul\aivance\core\database\model\WorkflowEntities.kt","core/database",3854,2026-07-31 14:14:48,"kt"
"core\database\src\main\java\com\bangersoul\aivance\core\database\security\EncryptionService.kt","core/database",2359,2026-08-02 01:31:04,"kt"
"core\database\src\test\java\com\bangersoul\aivance\core\database\converter\AivanceConvertersTest.kt","core/database",5462,2026-07-31 18:29:45,"kt"
"core\datastore\build.gradle.kts","core/datastore",840,2026-08-02 01:32:11,"kts"
"core\datastore\src\main\java\com\bangersoul\aivance\core\datastore\CryptoManager.kt","core/datastore",3537,2026-07-30 20:00:15,"kt"
"core\datastore\src\main\java\com\bangersoul\aivance\core\datastore\PreferencesManager.kt","core/datastore",3902,2026-07-30 20:00:15,"kt"
"core\datastore\src\main\java\com\bangersoul\aivance\core\datastore\SecretsManager.kt","core/datastore",1551,2026-08-02 01:31:18,"kt"
"core\datastore\src\main\java\com\bangersoul\aivance\core\datastore\UserPreferences.kt","core/datastore",1091,2026-08-02 15:27:02,"kt"
"core\datastore\src\main\java\com\bangersoul\aivance\core\datastore\UserPreferencesRepository.kt","core/datastore",3332,2026-08-02 15:27:12,"kt"
"core\datastore\src\main\java\com\bangersoul\aivance\core\datastore\UserPreferencesSerializer.kt","core/datastore",1236,2026-07-30 20:00:15,"kt"
"core\datastore\src\main\java\com\bangersoul\aivance\core\datastore\di\DataStoreModule.kt","core/datastore",1471,2026-07-30 20:00:15,"kt"
"core\datastore\src\test\java\com\bangersoul\aivance\core\datastore\UserPreferencesSerializerTest.kt","core/datastore",2146,2026-07-31 18:38:21,"kt"
"core\designsystem\build.gradle.kts","core/designsystem",691,2026-08-02 14:39:30,"kts"
"core\designsystem\src\main\java\com\bangersoul\aivance\core\designsystem\components\AiComponents.kt","core/designsystem",4836,2026-07-30 20:00:15,"kt"
"core\designsystem\src\main\java\com\bangersoul\aivance\core\designsystem\components\AivanceBanner.kt","core/designsystem",4447,2026-07-31 17:41:47,"kt"
"core\designsystem\src\main\java\com\bangersoul\aivance\core\designsystem\components\AivanceButtons.kt","core/designsystem",3567,2026-07-31 17:37:58,"kt"
"core\designsystem\src\main\java\com\bangersoul\aivance\core\designsystem\components\AivanceCards.kt","core/designsystem",11304,2026-07-31 17:39:44,"kt"
"core\designsystem\src\main\java\com\bangersoul\aivance\core\designsystem\components\AivanceCharts.kt","core/designsystem",15717,2026-08-02 15:31:36,"kt"
"core\designsystem\src\main\java\com\bangersoul\aivance\core\designsystem\components\AivanceEmptyState.kt","core/designsystem",4340,2026-07-31 17:38:13,"kt"
"core\designsystem\src\main\java\com\bangersoul\aivance\core\designsystem\components\AivanceScreen.kt","core/designsystem",2535,2026-07-30 20:00:15,"kt"
"core\designsystem\src\main\java\com\bangersoul\aivance\core\designsystem\components\AivanceSkeleton.kt","core/designsystem",5355,2026-07-31 17:37:58,"kt"
"core\designsystem\src\main\java\com\bangersoul\aivance\core\designsystem\components\AivanceSuccess.kt","core/designsystem",2323,2026-07-30 20:00:15,"kt"
"core\designsystem\src\main\java\com\bangersoul\aivance\core\designsystem\components\AivanceTopBar.kt","core/designsystem",2231,2026-07-31 17:41:47,"kt"
"core\designsystem\src\main\java\com\bangersoul\aivance\core\designsystem\components\ChatComponents.kt","core/designsystem",5759,2026-07-30 20:00:15,"kt"
"core\designsystem\src\main\java\com\bangersoul\aivance\core\designsystem\components\DashboardComponents.kt","core/designsystem",13926,2026-07-30 20:00:15,"kt"
"core\designsystem\src\main\java\com\bangersoul\aivance\core\designsystem\components\ErrorUI.kt","core/designsystem",4066,2026-07-31 17:38:13,"kt"
"core\designsystem\src\main\java\com\bangersoul\aivance\core\designsystem\components\LoadingUI.kt","core/designsystem",1255,2026-07-30 20:00:15,"kt"
"core\designsystem\src\main\java\com\bangersoul\aivance\core\designsystem\components\RoadmapComponents.kt","core/designsystem",6722,2026-07-30 20:00:15,"kt"
"core\designsystem\src\main\java\com\bangersoul\aivance\core\designsystem\theme\Color.kt","core/designsystem",17107,2026-07-31 17:36:56,"kt"
"core\designsystem\src\main\java\com\bangersoul\aivance\core\designsystem\theme\DesignSystem.kt","core/designsystem",1021,2026-07-30 20:00:15,"kt"
"core\designsystem\src\main\java\com\bangersoul\aivance\core\designsystem\theme\Motion.kt","core/designsystem",1308,2026-07-31 17:37:13,"kt"
"core\designsystem\src\main\java\com\bangersoul\aivance\core\designsystem\theme\Theme.kt","core/designsystem",3575,2026-07-31 17:41:47,"kt"
"core\designsystem\src\main\java\com\bangersoul\aivance\core\designsystem\theme\Type.kt","core/designsystem",3639,2026-08-02 16:52:39,"kt"
"core\designsystem\src\test\java\com\bangersoul\aivance\core\designsystem\theme\AccentPaletteTest.kt","core/designsystem",3543,2026-08-02 14:49:08,"kt"
"core\domain\build.gradle.kts","core/domain",791,2026-07-31 10:23:48,"kts"
"core\domain\src\main\java\com\bangersoul\aivance\core\domain\analytics\AnalyticsEngine.kt","core/domain",3544,2026-08-01 20:53:06,"kt"
"core\domain\src\main\java\com\bangersoul\aivance\core\domain\analytics\CareerScoreEngine.kt","core/domain",1058,2026-07-31 14:48:38,"kt"
"core\domain\src\main\java\com\bangersoul\aivance\core\domain\analytics\KPIEngine.kt","core/domain",1056,2026-07-31 14:48:12,"kt"
"core\domain\src\main\java\com\bangersoul\aivance\core\domain\analytics\RecommendationEngine.kt","core/domain",1982,2026-07-31 14:49:19,"kt"
"core\domain\src\main\java\com\bangersoul\aivance\core\domain\assistant\AssistantContextEngine.kt","core/domain",1650,2026-07-31 15:37:51,"kt"
"core\domain\src\main\java\com\bangersoul\aivance\core\domain\assistant\CapabilityRouter.kt","core/domain",7092,2026-08-01 13:34:30,"kt"
"core\domain\src\main\java\com\bangersoul\aivance\core\domain\config\FeatureFlags.kt","core/domain",6672,2026-07-30 20:00:15,"kt"
"core\domain\src\main\java\com\bangersoul\aivance\core\domain\config\PlayIntegrityManager.kt","core/domain",2667,2026-07-30 20:00:15,"kt"
"core\domain\src\main\java\com\bangersoul\aivance\core\domain\config\PrivacyManager.kt","core/domain",2928,2026-07-30 20:00:15,"kt"
"core\domain\src\main\java\com\bangersoul\aivance\core\domain\config\VersionManager.kt","core/domain",3498,2026-07-30 20:00:15,"kt"
"core\domain\src\main\java\com\bangersoul\aivance\core\domain\performance\PerformanceUtils.kt","core/domain",6645,2026-07-30 20:00:15,"kt"
"core\domain\src\main\java\com\bangersoul\aivance\core\domain\repository\AiRepository.kt","core/domain",1029,2026-08-02 15:15:37,"kt"
"core\domain\src\main\java\com\bangersoul\aivance\core\domain\repository\AnalyticsRepository.kt","core/domain",922,2026-07-31 14:49:42,"kt"
"core\domain\src\main\java\com\bangersoul\aivance\core\domain\repository\ApplicationWorkflowRepository.kt","core/domain",1090,2026-08-01 18:30:56,"kt"
"core\domain\src\main\java\com\bangersoul\aivance\core\domain\repository\AssistantRepository.kt","core/domain",484,2026-07-31 15:39:28,"kt"
"core\domain\src\main\java\com\bangersoul\aivance\core\domain\repository\AtsRepository.kt","core/domain",1656,2026-08-02 14:27:18,"kt"
"core\domain\src\main\java\com\bangersoul\aivance\core\domain\repository\CoverLetterRepository.kt","core/domain",1709,2026-08-02 15:16:02,"kt"
"core\domain\src\main\java\com\bangersoul\aivance\core\domain\repository\InterviewKnowledgeRepository.kt","core/domain",657,2026-08-01 18:23:25,"kt"
"core\domain\src\main\java\com\bangersoul\aivance\core\domain\repository\InterviewRepository.kt","core/domain",1447,2026-08-01 13:12:33,"kt"
"core\domain\src\main\java\com\bangersoul\aivance\core\domain\repository\JobRepository.kt","core/domain",1104,2026-08-01 18:14:24,"kt"
"core\domain\src\main\java\com\bangersoul\aivance\core\domain\repository\JobTrackerRepository.kt","core/domain",653,2026-07-30 20:00:15,"kt"
"core\domain\src\main\java\com\bangersoul\aivance\core\domain\repository\ProviderRepository.kt","core/domain",596,2026-07-31 02:10:07,"kt"
"core\domain\src\main\java\com\bangersoul\aivance\core\domain\repository\ResumeRepository.kt","core/domain",1357,2026-07-31 02:58:26,"kt"
"core\domain\src\main\java\com\bangersoul\aivance\core\domain\repository\SearchRepository.kt","core/domain",446,2026-07-30 20:00:15,"kt"
"core\domain\src\main\java\com\bangersoul\aivance\core\domain\repository\SettingsRepository.kt","core/domain",627,2026-07-30 20:00:15,"kt"
"core\domain\src\main\java\com\bangersoul\aivance\core\domain\repository\UserRepository.kt","core/domain",373,2026-07-30 20:00:15,"kt"
"core\domain\src\main\java\com\bangersoul\aivance\core\domain\repository\crm\CompanyIntelligenceRepository.kt","core/domain",569,2026-07-31 12:01:16,"kt"
"core\domain\src\main\java\com\bangersoul\aivance\core\domain\repository\crm\CRMRepository.kt","core/domain",540,2026-07-31 12:01:13,"kt"
"core\domain\src\main\java\com\bangersoul\aivance\core\domain\repository\crm\OutreachRepository.kt","core/domain",610,2026-07-31 12:01:13,"kt"
"core\domain\src\main\java\com\bangersoul\aivance\core\domain\repository\crm\RecruiterIntelligenceRepository.kt","core/domain",573,2026-07-31 12:01:17,"kt"
"core\domain\src\main\java\com\bangersoul\aivance\core\domain\service\TextGenerationService.kt","core/domain",631,2026-07-30 20:00:15,"kt"
"core\domain\src\main\java\com\bangersoul\aivance\core\domain\telemetry\TelemetryEngine.kt","core/domain",3124,2026-07-30 20:00:15,"kt"
"core\domain\src\main\java\com\bangersoul\aivance\core\domain\usecase\UseCase.kt","core/domain",1050,2026-07-30 20:00:15,"kt"
"core\domain\src\main\java\com\bangersoul\aivance\core\domain\usecase\ai\ClearConversationUseCase.kt","core/domain",1682,2026-07-30 20:00:15,"kt"
"core\domain\src\main\java\com\bangersoul\aivance\core\domain\usecase\ai\RegenerateResponseUseCase.kt","core/domain",2698,2026-07-30 20:00:15,"kt"
"core\domain\src\main\java\com\bangersoul\aivance\core\domain\usecase\ai\SendMessageUseCase.kt","core/domain",1977,2026-07-30 20:00:15,"kt"
"core\domain\src\main\java\com\bangersoul\aivance\core\domain\usecase\ai\StartConversationUseCase.kt","core/domain",1935,2026-07-30 20:00:15,"kt"
"core\domain\src\main\java\com\bangersoul\aivance\core\domain\usecase\ai\StreamResponseUseCase.kt","core/domain",2903,2026-07-30 20:00:15,"kt"
"core\domain\src\main\java\com\bangersoul\aivance\core\domain\usecase\ai\SummariseConversationUseCase.kt","core/domain",3529,2026-07-30 20:00:15,"kt"
"core\domain\src\main\java\com\bangersoul\aivance\core\domain\usecase\analytics\ExportAnalyticsUseCase.kt","core/domain",932,2026-07-31 15:10:39,"kt"
"core\domain\src\main\java\com\bangersoul\aivance\core\domain\usecase\analytics\GenerateUsageReportUseCase.kt","core/domain",1164,2026-07-31 15:10:15,"kt"
"core\domain\src\main\java\com\bangersoul\aivance\core\domain\usecase\analytics\TrackEventUseCase.kt","core/domain",3101,2026-08-01 20:53:06,"kt"
"core\domain\src\main\java\com\bangersoul\aivance\core\domain\usecase\assistant\GetAssistantResponseUseCase.kt","core/domain",8628,2026-08-02 14:04:10,"kt"
"core\domain\src\main\java\com\bangersoul\aivance\core\domain\usecase\ats\AnalyzeJobDescriptionUseCase.kt","core/domain",2486,2026-07-31 10:25:03,"kt"
"core\domain\src\main\java\com\bangersoul\aivance\core\domain\usecase\ats\PerformAtsAnalysisUseCase.kt","core/domain",1455,2026-07-31 10:24:49,"kt"
"core\domain\src\main\java\com\bangersoul\aivance\core\domain\usecase\ats\StreamAtsAnalysisUseCase.kt","core/domain",897,2026-08-02 14:28:19,"kt"
"core\domain\src\main\java\com\bangersoul\aivance\core\domain\usecase\career\GenerateCareerRoadmapUseCase.kt","core/domain",3740,2026-07-30 20:00:15,"kt"
"core\domain\src\main\java\com\bangersoul\aivance\core\domain\usecase\career\RecommendSkillsUseCase.kt","core/domain",3589,2026-07-30 20:00:15,"kt"
"core\domain\src\main\java\com\bangersoul\aivance\core\domain\usecase\career\SuggestLearningPathUseCase.kt","core/domain",4292,2026-07-30 20:00:15,"kt"
"core\domain\src\main\java\com\bangersoul\aivance\core\domain\usecase\coverletter\ExportCoverLetterUseCase.kt","core/domain",3358,2026-07-31 13:02:58,"kt"
"core\domain\src\main\java\com\bangersoul\aivance\core\domain\usecase\coverletter\GenerateCoverLetterUseCase.kt","core/domain",1499,2026-07-31 12:51:53,"kt"
"core\domain\src\main\java\com\bangersoul\aivance\core\domain\usecase\coverletter\ImproveCoverLetterUseCase.kt","core/domain",2073,2026-07-31 13:03:46,"kt"
"core\domain\src\main\java\com\bangersoul\aivance\core\domain\usecase\coverletter\RegenerateCoverLetterSectionUseCase.kt","core/domain",844,2026-07-31 12:52:27,"kt"
"core\domain\src\main\java\com\bangersoul\aivance\core\domain\usecase\coverletter\StreamGenerateCoverLetterUseCase.kt","core/domain",1305,2026-08-02 15:16:28,"kt"
"core\domain\src\main\java\com\bangersoul\aivance\core\domain\usecase\crm\FindRecruitersUseCase.kt","core/domain",746,2026-07-31 12:09:50,"kt"
"core\domain\src\main\java\com\bangersoul\aivance\core\domain\usecase\crm\GenerateOutreachDraftUseCase.kt","core/domain",1318,2026-07-31 12:09:32,"kt"
"core\domain\src\main\java\com\bangersoul\aivance\core\domain\usecase\di\UseCaseModule.kt","core/domain",5340,2026-08-02 15:17:17,"kt"
"core\domain\src\main\java\com\bangersoul\aivance\core\domain\usecase\interview\EndInterviewUseCase.kt","core/domain",1288,2026-07-30 20:00:15,"kt"
"core\domain\src\main\java\com\bangersoul\aivance\core\domain\usecase\interview\EvaluateAnswersUseCase.kt","core/domain",3585,2026-07-30 20:00:15,"kt"
"core\domain\src\main\java\com\bangersoul\aivance\core\domain\usecase\interview\GenerateFeedbackUseCase.kt","core/domain",1192,2026-07-31 13:47:41,"kt"
"core\domain\src\main\java\com\bangersoul\aivance\core\domain\usecase\interview\GenerateInterviewQuestionsUseCase.kt","core/domain",2791,2026-07-30 20:00:15,"kt"
"core\domain\src\main\java\com\bangersoul\aivance\core\domain\usecase\interview\StartInterviewSessionUseCase.kt","core/domain",1978,2026-07-31 13:45:23,"kt"
"core\domain\src\main\java\com\bangersoul\aivance\core\domain\usecase\job\GetJobDetailsUseCase.kt","core/domain",658,2026-07-31 11:07:54,"kt"
"core\domain\src\main\java\com\bangersoul\aivance\core\domain\usecase\job\SearchJobsUseCase.kt","core/domain",1010,2026-07-31 11:07:08,"kt"
"core\domain\src\main\java\com\bangersoul\aivance\core\domain\usecase\job\ToggleJobBookmarkUseCase.kt","core/domain",612,2026-07-31 11:07:27,"kt"
"core\domain\src\main\java\com\bangersoul\aivance\core\domain\usecase\provider\DisableProviderUseCase.kt","core/domain",2203,2026-07-30 20:00:15,"kt"
"core\domain\src\main\java\com\bangersoul\aivance\core\domain\usecase\provider\EnableProviderUseCase.kt","core/domain",2200,2026-07-30 20:00:15,"kt"
"core\domain\src\main\java\com\bangersoul\aivance\core\domain\usecase\provider\GetAvailableModelsUseCase.kt","core/domain",2535,2026-07-30 20:00:15,"kt"
"core\domain\src\main\java\com\bangersoul\aivance\core\domain\usecase\provider\GetProviderHealthUseCase.kt","core/domain",2057,2026-08-01 13:00:52,"kt"
"core\domain\src\main\java\com\bangersoul\aivance\core\domain\usecase\provider\SelectProviderUseCase.kt","core/domain",3113,2026-07-30 20:00:15,"kt"
"core\domain\src\main\java\com\bangersoul\aivance\core\domain\usecase\resume\AnalyseResumeUseCase.kt","core/domain",1784,2026-07-31 03:11:43,"kt"
"core\domain\src\main\java\com\bangersoul\aivance\core\domain\usecase\resume\CalculateATSScoreUseCase.kt","core/domain",3263,2026-07-31 03:11:51,"kt"
"core\domain\src\main\java\com\bangersoul\aivance\core\domain\usecase\resume\ExportResumeUseCase.kt","core/domain",3482,2026-07-31 03:11:54,"kt"
"core\domain\src\main\java\com\bangersoul\aivance\core\domain\usecase\resume\GenerateResumeSummaryUseCase.kt","core/domain",4183,2026-07-31 03:13:50,"kt"
"core\domain\src\main\java\com\bangersoul\aivance\core\domain\usecase\resume\ImportResumeUseCase.kt","core/domain",767,2026-07-31 03:11:57,"kt"
"core\domain\src\main\java\com\bangersoul\aivance\core\domain\usecase\resume\ImproveResumeUseCase.kt","core/domain",3183,2026-08-03 07:50:25,"kt"
"core\domain\src\main\java\com\bangersoul\aivance\core\domain\usecase\resume\ParseResumeUseCase.kt","core/domain",630,2026-07-31 03:12:01,"kt"
"core\domain\src\main\java\com\bangersoul\aivance\core\domain\usecase\resume\StreamImproveSectionUseCase.kt","core/domain",2290,2026-08-03 07:50:20,"kt"
"core\domain\src\main\java\com\bangersoul\aivance\core\domain\usecase\settings\ExportSettingsUseCase.kt","core/domain",2903,2026-07-30 20:00:15,"kt"
"core\domain\src\main\java\com\bangersoul\aivance\core\domain\usecase\settings\LoadSettingsUseCase.kt","core/domain",1626,2026-07-30 20:00:15,"kt"
"core\domain\src\main\java\com\bangersoul\aivance\core\domain\usecase\settings\ResetSettingsUseCase.kt","core/domain",1654,2026-07-30 20:00:15,"kt"
"core\domain\src\main\java\com\bangersoul\aivance\core\domain\usecase\settings\SaveSettingsUseCase.kt","core/domain",1766,2026-07-30 20:00:15,"kt"
"core\domain\src\main\java\com\bangersoul\aivance\core\domain\usecase\user\CreateProfileUseCase.kt","core/domain",3415,2026-08-01 18:39:27,"kt"
"core\domain\src\main\java\com\bangersoul\aivance\core\domain\usecase\user\DeleteProfileUseCase.kt","core/domain",1524,2026-07-30 20:00:15,"kt"
"core\domain\src\main\java\com\bangersoul\aivance\core\domain\usecase\user\LoadProfileUseCase.kt","core/domain",1485,2026-07-30 20:00:15,"kt"
"core\domain\src\main\java\com\bangersoul\aivance\core\domain\usecase\user\UpdateProfileUseCase.kt","core/domain",4274,2026-08-01 18:39:27,"kt"
"core\domain\src\main\java\com\bangersoul\aivance\core\domain\usecase\workflow\TaskGeneratorUseCase.kt","core/domain",1939,2026-07-31 14:26:48,"kt"
"core\domain\src\main\java\com\bangersoul\aivance\core\domain\workflow\WorkflowEngine.kt","core/domain",1787,2026-08-01 13:02:19,"kt"
"core\domain\src\test\java\com\bangersoul\aivance\core\domain\usecase\ai\SendMessageUseCaseTest.kt","core/domain",1770,2026-07-30 20:00:15,"kt"
"core\domain\src\test\java\com\bangersoul\aivance\core\domain\usecase\ai\StartConversationUseCaseTest.kt","core/domain",1373,2026-07-30 20:00:15,"kt"
"core\domain\src\test\java\com\bangersoul\aivance\core\domain\usecase\analytics\ExportAnalyticsUseCaseTest.kt","core/domain",1568,2026-07-31 19:51:39,"kt"
"core\domain\src\test\java\com\bangersoul\aivance\core\domain\usecase\analytics\GenerateUsageReportUseCaseTest.kt","core/domain",1805,2026-07-31 19:51:49,"kt"
"core\domain\src\test\java\com\bangersoul\aivance\core\domain\usecase\analytics\TrackEventUseCaseTest.kt","core/domain",2651,2026-08-01 21:49:48,"kt"
"core\domain\src\test\java\com\bangersoul\aivance\core\domain\usecase\career\GenerateCareerRoadmapUseCaseTest.kt","core/domain",1216,2026-07-30 20:00:15,"kt"
"core\domain\src\test\java\com\bangersoul\aivance\core\domain\usecase\coverletter\ExportCoverLetterUseCaseTest.kt","core/domain",2881,2026-07-31 19:52:18,"kt"
"core\domain\src\test\java\com\bangersoul\aivance\core\domain\usecase\coverletter\GenerateCoverLetterUseCaseTest.kt","core/domain",1866,2026-07-31 19:52:07,"kt"
"core\domain\src\test\java\com\bangersoul\aivance\core\domain\usecase\coverletter\ImproveCoverLetterUseCaseTest.kt","core/domain",2553,2026-07-31 20:02:36,"kt"
"core\domain\src\test\java\com\bangersoul\aivance\core\domain\usecase\interview\EndInterviewUseCaseTest.kt","core/domain",1071,2026-07-30 20:00:15,"kt"
"core\domain\src\test\java\com\bangersoul\aivance\core\domain\usecase\interview\EvaluateAnswersUseCaseTest.kt","core/domain",1956,2026-07-30 20:00:15,"kt"
"core\domain\src\test\java\com\bangersoul\aivance\core\domain\usecase\interview\GenerateFeedbackUseCaseTest.kt","core/domain",2267,2026-07-31 20:02:36,"kt"
"core\domain\src\test\java\com\bangersoul\aivance\core\domain\usecase\interview\StartInterviewSessionUseCaseTest.kt","core/domain",1910,2026-07-31 20:02:36,"kt"
"core\domain\src\test\java\com\bangersoul\aivance\core\domain\usecase\job\GetJobDetailsUseCaseTest.kt","core/domain",1622,2026-07-31 20:02:36,"kt"
"core\domain\src\test\java\com\bangersoul\aivance\core\domain\usecase\job\SearchJobsUseCaseTest.kt","core/domain",2017,2026-07-31 20:05:55,"kt"
"core\domain\src\test\java\com\bangersoul\aivance\core\domain\usecase\job\ToggleJobBookmarkUseCaseTest.kt","core/domain",1735,2026-07-31 20:02:36,"kt"
"core\domain\src\test\java\com\bangersoul\aivance\core\domain\usecase\provider\DisableProviderUseCaseTest.kt","core/domain",1443,2026-07-30 20:00:15,"kt"
"core\domain\src\test\java\com\bangersoul\aivance\core\domain\usecase\provider\EnableProviderUseCaseTest.kt","core/domain",1359,2026-07-30 20:00:15,"kt"
"core\domain\src\test\java\com\bangersoul\aivance\core\domain\usecase\provider\GetAvailableModelsUseCaseTest.kt","core/domain",1194,2026-07-30 20:00:15,"kt"
"core\domain\src\test\java\com\bangersoul\aivance\core\domain\usecase\provider\SelectProviderUseCaseTest.kt","core/domain",1666,2026-07-30 20:00:15,"kt"
"core\domain\src\test\java\com\bangersoul\aivance\core\domain\usecase\resume\AnalyseResumeUseCaseTest.kt","core/domain",2429,2026-07-31 20:05:55,"kt"
"core\domain\src\test\java\com\bangersoul\aivance\core\domain\usecase\resume\CalculateATSScoreUseCaseTest.kt","core/domain",3352,2026-07-31 20:05:55,"kt"
"core\domain\src\test\java\com\bangersoul\aivance\core\domain\usecase\resume\ExportResumeUseCaseTest.kt","core/domain",2995,2026-07-31 20:05:55,"kt"
"core\domain\src\test\java\com\bangersoul\aivance\core\domain\usecase\resume\GenerateResumeSummaryUseCaseTest.kt","core/domain",2936,2026-07-31 20:07:41,"kt"
"core\domain\src\test\java\com\bangersoul\aivance\core\domain\usecase\resume\ImportResumeUseCaseTest.kt","core/domain",1465,2026-07-31 20:07:41,"kt"
"core\domain\src\test\java\com\bangersoul\aivance\core\domain\usecase\resume\ImproveResumeUseCaseTest.kt","core/domain",2524,2026-08-01 13:28:05,"kt"
"core\domain\src\test\java\com\bangersoul\aivance\core\domain\usecase\resume\ParseResumeUseCaseTest.kt","core/domain",1295,2026-07-31 20:07:41,"kt"
"core\domain\src\test\java\com\bangersoul\aivance\core\domain\usecase\settings\ExportSettingsUseCaseTest.kt","core/domain",1063,2026-07-30 20:00:15,"kt"
"core\domain\src\test\java\com\bangersoul\aivance\core\domain\usecase\settings\LoadSettingsUseCaseTest.kt","core/domain",1424,2026-07-30 20:00:15,"kt"
"core\domain\src\test\java\com\bangersoul\aivance\core\domain\usecase\user\CreateProfileUseCaseTest.kt","core/domain",1566,2026-07-30 20:00:15,"kt"
"core\domain\src\test\java\com\bangersoul\aivance\core\domain\usecase\user\DeleteProfileUseCaseTest.kt","core/domain",1473,2026-07-30 20:00:15,"kt"
"core\domain\src\test\java\com\bangersoul\aivance\core\domain\usecase\user\LoadProfileUseCaseTest.kt","core/domain",1449,2026-07-30 20:00:15,"kt"
"core\domain\src\test\java\com\bangersoul\aivance\core\domain\usecase\user\UpdateProfileUseCaseTest.kt","core/domain",1643,2026-07-30 20:00:15,"kt"
"core\enrichment-providers\build.gradle.kts","core/enrichment-providers",956,2026-07-31 19:21:00,"kts"
"core\enrichment-providers\src\main\kotlin\com\bangersoul\aivance\core\enrichment\di\EnrichmentProvidersModule.kt","core/enrichment-providers",1770,2026-07-31 18:58:48,"kt"
"core\enrichment-providers\src\main\kotlin\com\bangersoul\aivance\core\enrichment\hunter\HunterApi.kt","core/enrichment-providers",782,2026-07-31 18:58:26,"kt"
"core\enrichment-providers\src\main\kotlin\com\bangersoul\aivance\core\enrichment\hunter\HunterEnrichmentProvider.kt","core/enrichment-providers",7302,2026-08-01 10:17:30,"kt"
"core\enrichment-providers\src\main\kotlin\com\bangersoul\aivance\core\enrichment\hunter\dto\HunterDtos.kt","core/enrichment-providers",1345,2026-07-31 18:58:26,"kt"
"core\enrichment-providers\src\test\java\com\bangersoul\aivance\core\enrichment\hunter\HunterEnrichmentProviderTest.kt","core/enrichment-providers",4982,2026-07-31 19:20:02,"kt"
"core\job-providers\build.gradle.kts","core/job-providers",1237,2026-07-31 19:02:08,"kts"
"core\job-providers\src\main\kotlin\com\bangersoul\aivance\job\adzuna\AdzunaApi.kt","core/job-providers",728,2026-07-31 18:52:49,"kt"
"core\job-providers\src\main\kotlin\com\bangersoul\aivance\job\adzuna\AdzunaProvider.kt","core/job-providers",4214,2026-08-01 10:17:02,"kt"
"core\job-providers\src\main\kotlin\com\bangersoul\aivance\job\adzuna\dto\AdzunaJobDto.kt","core/job-providers",1171,2026-07-31 18:52:38,"kt"
"core\job-providers\src\main\kotlin\com\bangersoul\aivance\job\apify\ApifyApi.kt","core/job-providers",1107,2026-08-01 14:29:57,"kt"
"core\job-providers\src\main\kotlin\com\bangersoul\aivance\job\apify\ApifyJobProvider.kt","core/job-providers",6101,2026-08-01 14:20:02,"kt"
"core\job-providers\src\main\kotlin\com\bangersoul\aivance\job\apify\dto\ApifyDtos.kt","core/job-providers",823,2026-07-30 20:00:15,"kt"
"core\job-providers\src\main\kotlin\com\bangersoul\aivance\job\arbeitnow\ArbeitnowApi.kt","core/job-providers",547,2026-07-31 18:52:49,"kt"
"core\job-providers\src\main\kotlin\com\bangersoul\aivance\job\arbeitnow\ArbeitnowProvider.kt","core/job-providers",2290,2026-08-01 10:17:02,"kt"
"core\job-providers\src\main\kotlin\com\bangersoul\aivance\job\arbeitnow\dto\ArbeitnowJobDto.kt","core/job-providers",941,2026-07-31 22:46:42,"kt"
"core\job-providers\src\main\kotlin\com\bangersoul\aivance\job\base\RestJobProvider.kt","core/job-providers",7253,2026-08-01 10:43:07,"kt"
"core\job-providers\src\main\kotlin\com\bangersoul\aivance\job\base\RetryInterceptor.kt","core/job-providers",1921,2026-07-30 20:00:15,"kt"
"core\job-providers\src\main\kotlin\com\bangersoul\aivance\job\base\UserAgentInterceptor.kt","core/job-providers",393,2026-07-30 20:00:15,"kt"
"core\job-providers\src\main\kotlin\com\bangersoul\aivance\job\cache\JobCache.kt","core/job-providers",454,2026-07-30 20:00:15,"kt"
"core\job-providers\src\main\kotlin\com\bangersoul\aivance\job\cache\MemoryJobCache.kt","core/job-providers",743,2026-07-30 20:00:15,"kt"
"core\job-providers\src\main\kotlin\com\bangersoul\aivance\job\cache\RoomJobCache.kt","core/job-providers",1675,2026-07-31 19:01:12,"kt"
"core\job-providers\src\main\kotlin\com\bangersoul\aivance\job\di\JobProvidersModule.kt","core/job-providers",4841,2026-07-31 23:07:30,"kt"
"core\job-providers\src\main\kotlin\com\bangersoul\aivance\job\greenhouse\GreenhouseApi.kt","core/job-providers",475,2026-07-30 20:00:15,"kt"
"core\job-providers\src\main\kotlin\com\bangersoul\aivance\job\greenhouse\GreenhouseProvider.kt","core/job-providers",4604,2026-08-01 10:17:19,"kt"
"core\job-providers\src\main\kotlin\com\bangersoul\aivance\job\greenhouse\dto\GreenhouseJobDto.kt","core/job-providers",672,2026-07-30 20:00:15,"kt"
"core\job-providers\src\main\kotlin\com\bangersoul\aivance\job\indeed\IndeedProvider.kt","core/job-providers",1282,2026-08-01 00:05:59,"kt"
"core\job-providers\src\main\kotlin\com\bangersoul\aivance\job\jobicy\JobicyApi.kt","core/job-providers",482,2026-07-31 18:52:49,"kt"
"core\job-providers\src\main\kotlin\com\bangersoul\aivance\job\jobicy\JobicyProvider.kt","core/job-providers",2644,2026-08-01 10:17:20,"kt"
"core\job-providers\src\main\kotlin\com\bangersoul\aivance\job\jobicy\dto\JobicyJobDto.kt","core/job-providers",1320,2026-07-31 18:52:38,"kt"
"core\job-providers\src\main\kotlin\com\bangersoul\aivance\job\lever\LeverApi.kt","core/job-providers",428,2026-07-30 20:00:15,"kt"
"core\job-providers\src\main\kotlin\com\bangersoul\aivance\job\lever\LeverProvider.kt","core/job-providers",4670,2026-08-01 10:17:20,"kt"
"core\job-providers\src\main\kotlin\com\bangersoul\aivance\job\lever\dto\LeverJobDto.kt","core/job-providers",581,2026-07-30 20:00:15,"kt"
"core\job-providers\src\main\kotlin\com\bangersoul\aivance\job\linkedin\LinkedInProvider.kt","core/job-providers",1298,2026-08-01 00:05:59,"kt"
"core\job-providers\src\main\kotlin\com\bangersoul\aivance\job\mapper\JobMapper.kt","core/job-providers",10892,2026-08-02 14:18:53,"kt"
"core\job-providers\src\main\kotlin\com\bangersoul\aivance\job\remoteok\RemoteOKApi.kt","core/job-providers",402,2026-07-30 20:00:15,"kt"
"core\job-providers\src\main\kotlin\com\bangersoul\aivance\job\remoteok\RemoteOKProvider.kt","core/job-providers",2213,2026-08-01 10:17:01,"kt"
"core\job-providers\src\main\kotlin\com\bangersoul\aivance\job\remoteok\dto\RemoteOKJobDto.kt","core/job-providers",704,2026-07-30 20:00:15,"kt"
"core\job-providers\src\main\kotlin\com\bangersoul\aivance\job\remotive\RemotiveApi.kt","core/job-providers",468,2026-07-30 20:00:15,"kt"
"core\job-providers\src\main\kotlin\com\bangersoul\aivance\job\remotive\RemotiveProvider.kt","core/job-providers",3587,2026-08-02 14:19:01,"kt"
"core\job-providers\src\main\kotlin\com\bangersoul\aivance\job\remotive\dto\RemotiveJobDto.kt","core/job-providers",925,2026-07-30 20:00:15,"kt"
"core\job-providers\src\main\kotlin\com\bangersoul\aivance\job\usajobs\USAJobsApi.kt","core/job-providers",705,2026-07-31 18:52:49,"kt"
"core\job-providers\src\main\kotlin\com\bangersoul\aivance\job\usajobs\USAJobsProvider.kt","core/job-providers",3843,2026-08-01 10:17:20,"kt"
"core\job-providers\src\main\kotlin\com\bangersoul\aivance\job\usajobs\dto\USAJobsDto.kt","core/job-providers",1778,2026-07-31 18:52:38,"kt"
"core\job-providers\src\test\java\com\bangersoul\aivance\job\apify\ApifyJobProviderTest.kt","core/job-providers",5482,2026-07-31 22:37:17,"kt"
"core\job-providers\src\test\java\com\bangersoul\aivance\job\arbeitnow\ArbeitnowProviderTest.kt","core/job-providers",5209,2026-07-31 22:51:57,"kt"
"core\job-providers\src\test\java\com\bangersoul\aivance\job\base\RestJobProviderTest.kt","core/job-providers",7193,2026-08-01 10:17:39,"kt"
"core\job-providers\src\test\java\com\bangersoul\aivance\job\base\RetryInterceptorTest.kt","core/job-providers",5896,2026-07-30 20:00:15,"kt"
"core\job-providers\src\test\java\com\bangersoul\aivance\job\base\UserAgentInterceptorTest.kt","core/job-providers",2328,2026-07-30 20:00:15,"kt"
"core\job-providers\src\test\java\com\bangersoul\aivance\job\cache\MemoryJobCacheTest.kt","core/job-providers",2062,2026-07-30 20:00:15,"kt"
"core\job-providers\src\test\java\com\bangersoul\aivance\job\cache\RoomJobCacheTest.kt","core/job-providers",6329,2026-07-31 19:02:08,"kt"
"core\job-providers\src\test\java\com\bangersoul\aivance\job\di\JobProvidersModuleTest.kt","core/job-providers",3930,2026-07-30 20:00:15,"kt"
"core\job-providers\src\test\java\com\bangersoul\aivance\job\greenhouse\GreenhouseProviderTest.kt","core/job-providers",5518,2026-07-31 22:41:21,"kt"
"core\job-providers\src\test\java\com\bangersoul\aivance\job\jobicy\JobicyProviderTest.kt","core/job-providers",3585,2026-07-31 22:37:17,"kt"
"core\job-providers\src\test\java\com\bangersoul\aivance\job\lever\LeverProviderTest.kt","core/job-providers",7701,2026-07-31 22:41:21,"kt"
"core\job-providers\src\test\java\com\bangersoul\aivance\job\mapper\JobMapperTest.kt","core/job-providers",17126,2026-07-31 22:48:13,"kt"
"core\job-providers\src\test\java\com\bangersoul\aivance\job\remoteok\RemoteOKProviderTest.kt","core/job-providers",6151,2026-07-31 22:41:21,"kt"
"core\job-providers\src\test\java\com\bangersoul\aivance\job\remotive\RemotiveProviderTest.kt","core/job-providers",5064,2026-07-31 22:41:21,"kt"
"core\network\build.gradle.kts","core/network",2409,2026-07-30 20:00:15,"kts"
"core\network\src\main\java\com\bangersoul\aivance\core\network\di\NetworkModule.kt","core/network",3455,2026-07-31 22:41:21,"kt"
"core\network\src\main\java\com\bangersoul\aivance\core\network\security\CertificatePinningInterceptor.kt","core/network",5157,2026-08-02 01:19:23,"kt"
"core\network\src\main\java\com\bangersoul\aivance\core\network\security\SecurityUtils.kt","core/network",6700,2026-07-30 20:00:15,"kt"
"core\network\src\test\java\com\bangersoul\aivance\core\network\security\CertificatePinningInterceptorTest.kt","core/network",4653,2026-08-02 14:53:21,"kt"
"core\sdk\build.gradle.kts","core/sdk",708,2026-07-30 20:00:15,"kts"
"core\sdk\src\main\kotlin\com\bangersoul\aivance\sdk\api\AIProvider.kt","core/sdk",1956,2026-07-30 20:00:15,"kt"
"core\sdk\src\main\kotlin\com\bangersoul\aivance\sdk\api\EnrichmentProvider.kt","core/sdk",1484,2026-08-01 10:17:14,"kt"
"core\sdk\src\main\kotlin\com\bangersoul\aivance\sdk\api\JobProvider.kt","core/sdk",1497,2026-07-30 20:00:15,"kt"
"core\sdk\src\main\kotlin\com\bangersoul\aivance\sdk\api\OcrProvider.kt","core/sdk",824,2026-07-30 20:00:15,"kt"
"core\sdk\src\main\kotlin\com\bangersoul\aivance\sdk\api\ResumeParserProvider.kt","core/sdk",875,2026-07-30 20:00:15,"kt"
"core\sdk\src\main\kotlin\com\bangersoul\aivance\sdk\config\ProviderConfiguration.kt","core/sdk",589,2026-07-30 20:00:15,"kt"
"core\sdk\src\main\kotlin\com\bangersoul\aivance\sdk\config\SecretManager.kt","core/sdk",1881,2026-07-30 20:00:15,"kt"
"core\sdk\src\main\kotlin\com\bangersoul\aivance\sdk\core\BaseProvider.kt","core/sdk",4157,2026-08-01 00:28:59,"kt"
"core\sdk\src\main\kotlin\com\bangersoul\aivance\sdk\core\ProviderCapability.kt","core/sdk",860,2026-07-31 11:51:52,"kt"
"core\sdk\src\main\kotlin\com\bangersoul\aivance\sdk\core\ProviderMetadata.kt","core/sdk",1495,2026-07-31 11:52:00,"kt"
"core\sdk\src\main\kotlin\com\bangersoul\aivance\sdk\core\ProviderMetrics.kt","core/sdk",591,2026-07-30 20:00:15,"kt"
"core\sdk\src\main\kotlin\com\bangersoul\aivance\sdk\core\ProviderStatus.kt","core/sdk",1046,2026-07-31 02:25:54,"kt"
"core\sdk\src\main\kotlin\com\bangersoul\aivance\sdk\exception\SdkExceptions.kt","core/sdk",3582,2026-07-30 20:00:15,"kt"
"core\sdk\src\main\kotlin\com\bangersoul\aivance\sdk\infrastructure\ProviderFactory.kt","core/sdk",2615,2026-07-30 20:00:15,"kt"
"core\sdk\src\main\kotlin\com\bangersoul\aivance\sdk\infrastructure\ProviderManager.kt","core/sdk",13763,2026-08-01 18:01:25,"kt"
"core\sdk\src\main\kotlin\com\bangersoul\aivance\sdk\infrastructure\ProviderRegistry.kt","core/sdk",2601,2026-07-31 11:55:07,"kt"
"core\sdk\src\main\kotlin\com\bangersoul\aivance\sdk\model\AiMessage.kt","core/sdk",293,2026-07-30 20:00:15,"kt"
"core\sdk\src\main\kotlin\com\bangersoul\aivance\sdk\security\AivanceSecurity.kt","core/sdk",2595,2026-07-30 20:00:15,"kt"
"core\sdk\src\main\kotlin\com\bangersoul\aivance\sdk\telemetry\ProviderErrorMapper.kt","core/sdk",2364,2026-07-30 20:00:15,"kt"
"core\sdk\src\main\kotlin\com\bangersoul\aivance\sdk\telemetry\ProviderTelemetry.kt","core/sdk",2485,2026-07-30 20:00:15,"kt"
"core\sdk\src\test\java\com\bangersoul\aivance\sdk\config\SecretManagerTest.kt","core/sdk",2377,2026-07-30 20:00:15,"kt"
"core\sdk\src\test\java\com\bangersoul\aivance\sdk\infrastructure\ProviderManagerTest.kt","core/sdk",10510,2026-08-01 00:29:44,"kt"
"core\sdk\src\test\java\com\bangersoul\aivance\sdk\infrastructure\ProviderRegistryTest.kt","core/sdk",2975,2026-07-31 18:21:16,"kt"
"core\util\build.gradle.kts","core/util",1094,2026-08-02 01:30:00,"kts"
"core\util\src\main\java\com\bangersoul\aivance\core\util\BackupExporter.kt","core/util",7723,2026-08-02 01:30:05,"kt"
"core\util\src\main\java\com\bangersoul\aivance\core\util\BackupImporter.kt","core/util",6231,2026-08-02 01:30:11,"kt"
"core\util\src\main\java\com\bangersoul\aivance\core\util\ClipboardHelper.kt","core/util",642,2026-07-30 20:00:15,"kt"
"core\util\src\main\java\com\bangersoul\aivance\core\util\DocxExporter.kt","core/util",2469,2026-08-02 01:19:47,"kt"
"core\util\src\main\java\com\bangersoul\aivance\core\util\DocxTextExtractor.kt","core/util",1244,2026-07-31 02:52:49,"kt"
"core\util\src\main\java\com\bangersoul\aivance\core\util\NotificationHelper.kt","core/util",6529,2026-08-01 17:23:48,"kt"
"core\util\src\main\java\com\bangersoul\aivance\core\util\PdfExporter.kt","core/util",6069,2026-08-01 20:48:21,"kt"
"core\util\src\main\java\com\bangersoul\aivance\core\util\PdfTextExtractor.kt","core/util",3699,2026-07-30 20:00:15,"kt"
"core\util\src\main\java\com\bangersoul\aivance\core\util\extensions\StringExtensions.kt","core/util",313,2026-07-30 20:00:15,"kt"
"core\util\src\main\java\com\bangersoul\aivance\core\util\formatters\DateFormatter.kt","core/util",557,2026-07-30 20:00:15,"kt"
"core\util\src\test\java\com\bangersoul\aivance\core\util\PdfTextExtractorTest.kt","core/util",1061,2026-07-31 18:27:28,"kt"
"docs\DEVELOPMENT_GUIDE.md","docs",40592,2026-07-30 20:00:15,"md"
"docs\RELEASE_CHECKLIST.md","docs",2929,2026-07-30 20:00:15,"md"
"docs\adr\0001-project-structure-and-multi-module.md","docs",1327,2026-07-30 20:00:15,"md"
"docs\adr\0002-tech-stack-and-libraries.md","docs",1272,2026-07-30 20:00:15,"md"
"docs\adr\0003-design-system-and-theming.md","docs",1201,2026-07-30 20:00:15,"md"
"docs\adr\0004-navigation-strategy.md","docs",1683,2026-07-30 20:00:15,"md"
"docs\adr\0005-dependency-injection-with-hilt.md","docs",1097,2026-07-30 20:00:15,"md"
"docs\adr\0006-local-persistence-strategy.md","docs",996,2026-07-30 20:00:15,"md"
"docs\adr\0007-network-layer-implementation.md","docs",931,2026-07-30 20:00:15,"md"
"docs\adr\0008-ui-state-management.md","docs",910,2026-07-30 20:00:15,"md"
"docs\adr\0009-logging-and-error-handling.md","docs",887,2026-07-30 20:00:15,"md"
"docs\adr\0010-ai-integration-strategy.md","docs",1000,2026-07-30 20:00:15,"md"
"docs\adr\0011-image-loading-with-coil.md","docs",805,2026-07-30 20:00:15,"md"
"docs\adr\0012-testing-strategy.md","docs",997,2026-07-30 20:00:15,"md"
"feature\analytics\build.gradle.kts","feature/analytics",1253,2026-07-31 14:54:08,"kts"
"feature\analytics\src\main\java\com\bangersoul\aivance\feature\analytics\AnalyticsScreen.kt","feature/analytics",10630,2026-08-02 18:02:31,"kt"
"feature\analytics\src\main\java\com\bangersoul\aivance\feature\analytics\AnalyticsViewModel.kt","feature/analytics",2915,2026-07-31 17:55:23,"kt"
"feature\analytics\src\main\res\values\strings.xml","feature/analytics",1444,2026-08-02 18:02:31,"xml"
"feature\analytics\src\main\res\values-hi\strings.xml","feature/analytics",2132,2026-08-02 18:02:31,"xml"
"feature\analytics\src\test\java\com\bangersoul\aivance\feature\analytics\AnalyticsViewModelTest.kt","feature/analytics",4331,2026-08-02 14:50:44,"kt"
"feature\assistant\build.gradle.kts","feature/assistant",1397,2026-08-02 01:09:33,"kts"
"feature\assistant\src\main\java\com\bangersoul\aivance\feature\assistant\AssistantScreen.kt","feature/assistant",28177,2026-08-02 17:53:11,"kt"
"feature\assistant\src\main\java\com\bangersoul\aivance\feature\assistant\AssistantViewModel.kt","feature/assistant",8322,2026-08-02 14:04:28,"kt"
"feature\assistant\src\main\res\values\strings.xml","feature/assistant",3593,2026-08-02 17:47:20,"xml"
"feature\assistant\src\main\res\values-hi\strings.xml","feature/assistant",5669,2026-08-02 17:47:20,"xml"
"feature\assistant\src\test\java\com\bangersoul\aivance\feature\assistant\AssistantViewModelTest.kt","feature/assistant",6307,2026-08-02 14:55:05,"kt"
"feature\ats\build.gradle.kts","feature/ats",1434,2026-07-31 10:27:26,"kts"
"feature\ats\src\main\java\com\bangersoul\aivance\feature\ats\AtsScreen.kt","feature/ats",20136,2026-08-02 17:42:49,"kt"
"feature\ats\src\main\java\com\bangersoul\aivance\feature\ats\AtsUiEffect.kt","feature/ats",278,2026-08-01 18:10:33,"kt"
"feature\ats\src\main\java\com\bangersoul\aivance\feature\ats\AtsUiEvent.kt","feature/ats",785,2026-08-01 18:10:33,"kt"
"feature\ats\src\main\java\com\bangersoul\aivance\feature\ats\AtsViewModel.kt","feature/ats",9460,2026-08-02 14:28:54,"kt"
"feature\ats\src\main\res\values\strings.xml","feature/ats",1838,2026-08-02 17:42:28,"xml"
"feature\ats\src\main\res\values-hi\strings.xml","feature/ats",2956,2026-08-02 17:42:28,"xml"
"feature\ats\src\test\java\com\bangersoul\aivance\feature\ats\AtsViewModelTest.kt","feature/ats",6752,2026-08-02 14:31:20,"kt"
"feature\coverletter\build.gradle.kts","feature/coverletter",1489,2026-07-30 20:00:15,"kts"
"feature\coverletter\src\main\java\com\bangersoul\aivance\feature\coverletter\CoverLetterScreen.kt","feature/coverletter",14814,2026-08-02 17:42:49,"kt"
"feature\coverletter\src\main\java\com\bangersoul\aivance\feature\coverletter\CoverLetterViewModel.kt","feature/coverletter",14080,2026-08-02 15:16:40,"kt"
"feature\coverletter\src\main\res\values\strings.xml","feature/coverletter",847,2026-08-02 17:42:28,"xml"
"feature\coverletter\src\main\res\values-hi\strings.xml","feature/coverletter",1311,2026-08-02 17:42:28,"xml"
"feature\coverletter\src\test\java\com\bangersoul\aivance\feature\coverletter\CoverLetterViewModelTest.kt","feature/coverletter",4729,2026-08-02 15:18:23,"kt"
"feature\dashboard\build.gradle.kts","feature/dashboard",1975,2026-07-30 20:00:15,"kts"
"feature\dashboard\src\androidTest\java\com\bangersoul\aivance\feature\dashboard\ComposeScreenTests.kt","feature/dashboard",7194,2026-07-30 20:00:15,"kt"
"feature\dashboard\src\androidTest\java\com\bangersoul\aivance\feature\dashboard\DashboardScreenTest.kt","feature/dashboard",2890,2026-08-01 16:57:13,"kt"
"feature\dashboard\src\main\java\com\bangersoul\aivance\feature\dashboard\DashboardScreen.kt","feature/dashboard",26123,2026-08-02 17:49:58,"kt"
"feature\dashboard\src\main\java\com\bangersoul\aivance\feature\dashboard\DashboardUiEffect.kt","feature/dashboard",279,2026-07-30 20:00:15,"kt"
"feature\dashboard\src\main\java\com\bangersoul\aivance\feature\dashboard\DashboardUiEvent.kt","feature/dashboard",505,2026-07-30 20:00:15,"kt"
"feature\dashboard\src\main\java\com\bangersoul\aivance\feature\dashboard\DashboardUiState.kt","feature/dashboard",803,2026-08-01 16:55:03,"kt"
"feature\dashboard\src\main\java\com\bangersoul\aivance\feature\dashboard\DashboardViewModel.kt","feature/dashboard",5382,2026-08-01 17:30:54,"kt"
"feature\dashboard\src\main\java\com\bangersoul\aivance\feature\dashboard\HomeViewModel.kt","feature/dashboard",3389,2026-07-30 20:00:15,"kt"
"feature\dashboard\src\main\java\com\bangersoul\aivance\feature\dashboard\data\DashboardRepositoryImpl.kt","feature/dashboard",9551,2026-08-01 13:27:20,"kt"
"feature\dashboard\src\main\java\com\bangersoul\aivance\feature\dashboard\di\DashboardModule.kt","feature/dashboard",609,2026-07-30 20:00:15,"kt"
"feature\dashboard\src\main\java\com\bangersoul\aivance\feature\dashboard\domain\DashboardData.kt","feature/dashboard",1585,2026-08-01 13:11:28,"kt"
"feature\dashboard\src\main\java\com\bangersoul\aivance\feature\dashboard\domain\DashboardRepository.kt","feature/dashboard",183,2026-07-30 20:00:15,"kt"
"feature\dashboard\src\main\res\values\strings.xml","feature/dashboard",2979,2026-08-02 17:47:36,"xml"
"feature\dashboard\src\main\res\values-hi\strings.xml","feature/dashboard",4534,2026-08-02 17:47:36,"xml"
"feature\dashboard\src\test\java\com\bangersoul\aivance\feature\dashboard\DashboardViewModelTest.kt","feature/dashboard",6228,2026-08-01 16:56:57,"kt"
"feature\dashboard\src\test\java\com\bangersoul\aivance\feature\dashboard\HomeViewModelTest.kt","feature/dashboard",3682,2026-07-31 19:54:49,"kt"
"feature\interview\build.gradle.kts","feature/interview",1439,2026-07-30 20:00:15,"kts"
"feature\interview\src\main\java\com\bangersoul\aivance\feature\interview\InterviewViewModel.kt","feature/interview",7978,2026-08-01 18:17:40,"kt"
"feature\interview\src\main\java\com\bangersoul\aivance\feature\interview\QuestionBankViewModel.kt","feature/interview",5117,2026-08-01 18:29:29,"kt"
"feature\interview\src\main\java\com\bangersoul\aivance\feature\interview\data\InterviewRepositoryImpl.kt","feature/interview",4361,2026-07-30 20:00:15,"kt"
"feature\interview\src\main\java\com\bangersoul\aivance\feature\interview\di\InterviewModule.kt","feature/interview",609,2026-07-30 20:00:15,"kt"
"feature\interview\src\main\java\com\bangersoul\aivance\feature\interview\domain\InterviewFeedback.kt","feature/interview",216,2026-07-30 20:00:15,"kt"
"feature\interview\src\main\java\com\bangersoul\aivance\feature\interview\domain\InterviewMessage.kt","feature/interview",324,2026-07-30 20:00:15,"kt"
"feature\interview\src\main\java\com\bangersoul\aivance\feature\interview\domain\InterviewRepository.kt","feature/interview",321,2026-07-30 20:00:15,"kt"
"feature\interview\src\main\java\com\bangersoul\aivance\feature\interview\domain\InterviewSession.kt","feature/interview",267,2026-07-30 20:00:15,"kt"
"feature\interview\src\test\java\com\bangersoul\aivance\feature\interview\InterviewViewModelTest.kt","feature/interview",5662,2026-08-01 13:15:41,"kt"
"feature\jobs\build.gradle.kts","feature/jobs",1495,2026-07-30 20:00:15,"kts"
"feature\jobs\src\main\java\com\bangersoul\aivance\feature\jobs\CompanyDetailScreen.kt","feature/jobs",9002,2026-08-02 17:37:25,"kt"
"feature\jobs\src\main\java\com\bangersoul\aivance\feature\jobs\CompanyDetailViewModel.kt","feature/jobs",3341,2026-08-01 16:38:03,"kt"
"feature\jobs\src\main\java\com\bangersoul\aivance\feature\jobs\JobDetailsScreen.kt","feature/jobs",10913,2026-08-02 17:37:25,"kt"
"feature\jobs\src\main\java\com\bangersoul\aivance\feature\jobs\JobDetailsViewModel.kt","feature/jobs",11303,2026-08-02 15:02:39,"kt"
"feature\jobs\src\main\java\com\bangersoul\aivance\feature\jobs\JobsScreen.kt","feature/jobs",22287,2026-08-02 17:53:58,"kt"
"feature\jobs\src\main\java\com\bangersoul\aivance\feature\jobs\JobsViewModel.kt","feature/jobs",5640,2026-08-03 07:53:12,"kt"
"feature\jobs\src\main\java\com\bangersoul\aivance\feature\jobs\LocationCatalog.kt","feature/jobs",32368,2026-08-02 16:50:34,"kt"
"feature\jobs\src\main\java\com\bangersoul\aivance\feature\jobs\SavedJobsScreen.kt","feature/jobs",5713,2026-08-02 17:37:25,"kt"
"feature\jobs\src\main\java\com\bangersoul\aivance\feature\jobs\SavedJobsViewModel.kt","feature/jobs",4090,2026-08-01 22:59:03,"kt"
"feature\jobs\src\main\java\com\bangersoul\aivance\feature\jobs\data\JobSearchRepositoryImpl.kt","feature/jobs",2819,2026-07-30 20:00:15,"kt"
"feature\jobs\src\main\java\com\bangersoul\aivance\feature\jobs\di\JobsModule.kt","feature/jobs",589,2026-07-30 20:00:15,"kt"
"feature\jobs\src\main\java\com\bangersoul\aivance\feature\jobs\domain\JobListing.kt","feature/jobs",351,2026-07-30 20:00:15,"kt"
"feature\jobs\src\main\java\com\bangersoul\aivance\feature\jobs\domain\JobSearchRepository.kt","feature/jobs",174,2026-07-30 20:00:15,"kt"
"feature\jobs\src\main\res\values\strings.xml","feature/jobs",3692,2026-08-02 17:35:58,"xml"
"feature\jobs\src\main\res\values-hi\strings.xml","feature/jobs",5462,2026-08-02 17:35:58,"xml"
"feature\jobs\src\test\java\com\bangersoul\aivance\feature\jobs\JobDetailsViewModelTest.kt","feature/jobs",14404,2026-08-02 15:19:22,"kt"
"feature\jobs\src\test\java\com\bangersoul\aivance\feature\jobs\JobsViewModelTest.kt","feature/jobs",6254,2026-07-31 20:37:25,"kt"
"feature\jobs\src\test\java\com\bangersoul\aivance\feature\jobs\SavedJobsViewModelTest.kt","feature/jobs",4180,2026-07-31 20:37:25,"kt"
"feature\profile\build.gradle.kts","feature/profile",2140,2026-08-02 01:30:20,"kts"
"feature\profile\src\main\java\com\bangersoul\aivance\feature\profile\AboutScreen.kt","feature/profile",15816,2026-08-02 17:34:05,"kt"
"feature\profile\src\main\java\com\bangersoul\aivance\feature\profile\AiSettingsViewModel.kt","feature/profile",9024,2026-07-30 20:00:15,"kt"
"feature\profile\src\main\java\com\bangersoul\aivance\feature\profile\AppearanceScreen.kt","feature/profile",9050,2026-08-02 17:34:22,"kt"
"feature\profile\src\main\java\com\bangersoul\aivance\feature\profile\AppearanceViewModel.kt","feature/profile",1784,2026-07-31 17:42:52,"kt"
"feature\profile\src\main\java\com\bangersoul\aivance\feature\profile\AuthenticationViewModel.kt","feature/profile",7194,2026-08-01 20:38:08,"kt"
"feature\profile\src\main\java\com\bangersoul\aivance\feature\profile\AuthViewModel.kt","feature/profile",10890,2026-08-01 20:48:21,"kt"
"feature\profile\src\main\java\com\bangersoul\aivance\feature\profile\LearningHubViewModel.kt","feature/profile",6368,2026-07-30 20:00:15,"kt"
"feature\profile\src\main\java\com\bangersoul\aivance\feature\profile\LoginScreen.kt","feature/profile",5566,2026-08-02 17:51:27,"kt"
"feature\profile\src\main\java\com\bangersoul\aivance\feature\profile\NotificationsViewModel.kt","feature/profile",6565,2026-07-30 20:00:15,"kt"
"feature\profile\src\main\java\com\bangersoul\aivance\feature\profile\OnboardingViewModel.kt","feature/profile",19236,2026-08-01 16:46:42,"kt"
"feature\profile\src\main\java\com\bangersoul\aivance\feature\profile\PrivacyCenterScreen.kt","feature/profile",6079,2026-08-02 17:34:38,"kt"
"feature\profile\src\main\java\com\bangersoul\aivance\feature\profile\PrivacyViewModel.kt","feature/profile",3140,2026-08-02 01:18:44,"kt"
"feature\profile\src\main\java\com\bangersoul\aivance\feature\profile\ProfileScreen.kt","feature/profile",30275,2026-08-02 21:05:18,"kt"
"feature\profile\src\main\java\com\bangersoul\aivance\feature\profile\ProfileViewModel.kt","feature/profile",10905,2026-08-01 18:43:46,"kt"
"feature\profile\src\main\java\com\bangersoul\aivance\feature\profile\ProviderManagementViewModel.kt","feature/profile",16912,2026-08-02 15:28:25,"kt"
"feature\profile\src\main\java\com\bangersoul\aivance\feature\profile\SettingsScreen.kt","feature/profile",14843,2026-08-02 17:35:33,"kt"
"feature\profile\src\main\java\com\bangersoul\aivance\feature\profile\SettingsViewModel.kt","feature/profile",10906,2026-08-02 16:53:17,"kt"
"feature\profile\src\main\java\com\bangersoul\aivance\feature\profile\SplashScreen.kt","feature/profile",3710,2026-08-02 17:34:22,"kt"
"feature\profile\src\main\java\com\bangersoul\aivance\feature\profile\WelcomeScreen.kt","feature/profile",10759,2026-08-02 17:34:50,"kt"
"feature\profile\src\main\java\com\bangersoul\aivance\feature\profile\domain\RoadmapStep.kt","feature/profile",209,2026-07-30 20:00:15,"kt"
"feature\profile\src\main\res\values\strings.xml","feature/profile",10342,2026-08-02 21:08:09,"xml"
"feature\profile\src\main\res\values-hi\strings.xml","feature/profile",14989,2026-08-02 21:08:09,"xml"
"feature\profile\src\test\java\com\bangersoul\aivance\feature\profile\NotificationsViewModelTest.kt","feature/profile",3822,2026-07-31 20:41:35,"kt"
"feature\profile\src\test\java\com\bangersoul\aivance\feature\profile\ProfileViewModelTest.kt","feature/profile",5654,2026-07-31 20:32:57,"kt"
"feature\profile\src\test\java\com\bangersoul\aivance\feature\profile\SettingsViewModelTest.kt","feature/profile",6188,2026-08-02 15:29:38,"kt"
"feature\recruiter\build.gradle.kts","feature/recruiter",1253,2026-07-31 12:11:39,"kts"
"feature\recruiter\src\main\java\com\bangersoul\aivance\feature\recruiter\RecruiterDashboardScreen.kt","feature/recruiter",9269,2026-08-02 17:38:41,"kt"
"feature\recruiter\src\main\java\com\bangersoul\aivance\feature\recruiter\RecruiterViewModel.kt","feature/recruiter",5219,2026-08-01 15:16:35,"kt"
"feature\recruiter\src\main\res\values\strings.xml","feature/recruiter",857,2026-08-02 17:38:03,"xml"
"feature\recruiter\src\main\res\values-hi\strings.xml","feature/recruiter",1330,2026-08-02 17:38:03,"xml"
"feature\recruiter\src\test\java\com\bangersoul\aivance\feature\recruiter\RecruiterViewModelTest.kt","feature/recruiter",7304,2026-08-02 14:48:36,"kt"
"feature\resume\build.gradle.kts","feature/resume",2284,2026-08-02 01:09:25,"kts"
"feature\resume\src\main\java\com\bangersoul\aivance\feature\resume\ResumeDetailScreen.kt","feature/resume",10099,2026-08-02 17:40:41,"kt"
"feature\resume\src\main\java\com\bangersoul\aivance\feature\resume\ResumeDetailViewModel.kt","feature/resume",2647,2026-08-01 16:37:27,"kt"
"feature\resume\src\main\java\com\bangersoul\aivance\feature\resume\ResumeEngineScreen.kt","feature/resume",50027,2026-08-02 18:02:31,"kt"
"feature\resume\src\main\java\com\bangersoul\aivance\feature\resume\ResumeEngineViewModel.kt","feature/resume",24301,2026-08-02 16:53:42,"kt"
"feature\resume\src\main\res\values\strings.xml","feature/resume",5290,2026-08-02 18:02:47,"xml"
"feature\resume\src\main\res\values-hi\strings.xml","feature/resume",8135,2026-08-02 18:02:47,"xml"
"feature\resume\src\test\java\com\bangersoul\aivance\feature\resume\ResumeEngineViewModelTest.kt","feature/resume",16338,2026-08-02 15:18:23,"kt"
"feature\tracker\build.gradle.kts","feature/tracker",1396,2026-07-30 20:00:15,"kts"
"feature\tracker\src\main\java\com\bangersoul\aivance\feature\tracker\TrackerScreen.kt","feature/tracker",26466,2026-08-02 17:42:10,"kt"
"feature\tracker\src\main\java\com\bangersoul\aivance\feature\tracker\TrackerViewModel.kt","feature/tracker",9107,2026-08-03 07:03:29,"kt"
"feature\tracker\src\main\java\com\bangersoul\aivance\feature\tracker\data\JobTrackerRepositoryImpl.kt","feature/tracker",3963,2026-07-31 12:27:21,"kt"
"feature\tracker\src\main\java\com\bangersoul\aivance\feature\tracker\di\TrackerModule.kt","feature/tracker",587,2026-07-30 20:00:15,"kt"
"feature\tracker\src\main\java\com\bangersoul\aivance\feature\tracker\domain\ApplicationStatus.kt","feature/tracker",181,2026-07-30 20:00:15,"kt"
"feature\tracker\src\main\java\com\bangersoul\aivance\feature\tracker\domain\JobApplication.kt","feature/tracker",342,2026-07-30 20:00:15,"kt"
"feature\tracker\src\main\java\com\bangersoul\aivance\feature\tracker\domain\JobTrackerRepository.kt","feature/tracker",440,2026-07-30 20:00:15,"kt"
"feature\tracker\src\main\res\values\strings.xml","feature/tracker",1821,2026-08-02 17:41:51,"xml"
"feature\tracker\src\main\res\values-hi\strings.xml","feature/tracker",2641,2026-08-02 17:41:51,"xml"
"feature\tracker\src\test\java\com\bangersoul\aivance\feature\tracker\TrackerViewModelTest.kt","feature/tracker",8244,2026-08-02 16:51:43,"kt"
"gradle\gradle-daemon-jvm.properties","gradle",1150,2026-07-30 20:00:15,"properties"
"gradle\libs.versions.toml","gradle",10855,2026-08-02 01:09:18,"toml"
"gradle\wrapper\gradle-wrapper.jar","gradle",48462,2026-07-30 20:00:15,"jar"
"gradle\wrapper\gradle-wrapper.properties","gradle",290,2026-07-30 20:00:15,"properties"
"navigation\build.gradle.kts","navigation",2869,2026-07-31 17:42:28,"kts"
"navigation\src\androidTest\java\com\bangersoul\aivance\navigation\AivanceNavGraphTest.kt","navigation",6260,2026-08-02 21:06:10,"kt"
"navigation\src\androidTest\java\com\bangersoul\aivance\navigation\HiltTestRunner.kt","navigation",460,2026-07-30 20:00:15,"kt"
"navigation\src\main\java\com\bangersoul\aivance\navigation\AivanceAppShell.kt","navigation",5793,2026-08-02 17:26:31,"kt"
"navigation\src\main\java\com\bangersoul\aivance\navigation\AivanceNavGraph.kt","navigation",19140,2026-08-02 21:05:01,"kt"
"navigation\src\main\java\com\bangersoul\aivance\navigation\AppThemeViewModel.kt","navigation",1863,2026-07-31 17:42:28,"kt"
"navigation\src\main\java\com\bangersoul\aivance\navigation\AuthScreen.kt","navigation",10474,2026-08-02 17:26:52,"kt"
"navigation\src\main\java\com\bangersoul\aivance\navigation\DeepLinkHandler.kt","navigation",3520,2026-08-02 21:05:58,"kt"
"navigation\src\main\java\com\bangersoul\aivance\navigation\Destination.kt","navigation",9428,2026-08-02 21:04:13,"kt"
"navigation\src\main\java\com\bangersoul\aivance\navigation\FeatureScreens.kt","navigation",22294,2026-08-02 21:05:47,"kt"
"navigation\src\main\java\com\bangersoul\aivance\navigation\InvalidRouteScreen.kt","navigation",2259,2026-08-02 17:29:10,"kt"
"navigation\src\main\java\com\bangersoul\aivance\navigation\OnboardingScreen.kt","navigation",14127,2026-08-02 17:29:30,"kt"
"navigation\src\main\java\com\bangersoul\aivance\navigation\PrepStudioScreen.kt","navigation",29953,2026-08-02 17:29:59,"kt"
"navigation\src\main\res\values\strings.xml","navigation",9707,2026-08-02 21:07:24,"xml"
"navigation\src\main\res\values-hi\strings.xml","navigation",14336,2026-08-02 21:07:24,"xml"
"navigation\src\test\java\com\bangersoul\aivance\navigation\DestinationTest.kt","navigation",2943,2026-08-02 14:49:08,"kt"
